query,source,object_id,title,artist,filename,image_path,object_url,is_public_domain
impressionism,met,544864,"Statuette of a hippo goddess, probably Taweret",,artwork2_met_496_unknown_statuette-of-a-hippo-goddess-probably-taweret.jpg,artworks/artwork2_met_496_unknown_statuette-of-a-hippo-goddess-probably-taweret.jpg,https://www.metmuseum.org/art/collection/search/544864,True
impressionism,met,448663,Bowl,,artwork2_met_497_unknown_bowl.jpg,artworks/artwork2_met_497_unknown_bowl.jpg,https://www.metmuseum.org/art/collection/search/448663,True
impressionism,met,551786,"Book of the Dead of the Priest of Horus, Imhotep (Imuthes)",,artwork2_met_498_unknown_book-of-the-dead-of-the-priest-of-horus-imhotep-im.jpg,artworks/artwork2_met_498_unknown_book-of-the-dead-of-the-priest-of-horus-imhotep-im.jpg,https://www.metmuseum.org/art/collection/search/551786,True
impressionism,met,472562,The Fieschi Morgan Staurotheke,,artwork2_met_499_unknown_the-fieschi-morgan-staurotheke.jpg,artworks/artwork2_met_499_unknown_the-fieschi-morgan-staurotheke.jpg,https://www.metmuseum.org/art/collection/search/472562,True
impressionism,met,729644,"In proof of true love, a watercarrier skeleton arguing with a woman (Posada); two skeleton angels in upper corners (Manilla)",José Guadalupe Posada,artwork2_met_500_josé-guadalupe-posada_in-proof-of-true-love-a-watercarrier-skeleton-argu.jpg,artworks/artwork2_met_500_josé-guadalupe-posada_in-proof-of-true-love-a-watercarrier-skeleton-argu.jpg,https://www.metmuseum.org/art/collection/search/729644,True
impressionism,met,200668,Sabine Houdon (1787–1836),Jean Antoine Houdon,artwork2_met_501_jean-antoine-houdon_sabine-houdon-17871836.jpg,artworks/artwork2_met_501_jean-antoine-houdon_sabine-houdon-17871836.jpg,https://www.metmuseum.org/art/collection/search/200668,True
impressionism,met,544320,Stela of the Steward Mentuwoser,,artwork2_met_502_unknown_stela-of-the-steward-mentuwoser.jpg,artworks/artwork2_met_502_unknown_stela-of-the-steward-mentuwoser.jpg,https://www.metmuseum.org/art/collection/search/544320,True
impressionism,met,590874,Tomb Chapel of Raemkai,,artwork2_met_503_unknown_tomb-chapel-of-raemkai.jpg,artworks/artwork2_met_503_unknown_tomb-chapel-of-raemkai.jpg,https://www.metmuseum.org/art/collection/search/590874,True
impressionism,met,437261,The Penitence of Saint Jerome,Joachim Patinir,artwork2_met_504_joachim-patinir_the-penitence-of-saint-jerome.jpg,artworks/artwork2_met_504_joachim-patinir_the-penitence-of-saint-jerome.jpg,https://www.metmuseum.org/art/collection/search/437261,True
impressionism,met,205107,The Composer André-Ernest-Modeste Grétry (1741–1813),Jean-Baptiste Stouf,artwork2_met_505_jean-baptiste-stouf_the-composer-andré-ernest-modeste-grétry-17411813.jpg,artworks/artwork2_met_505_jean-baptiste-stouf_the-composer-andré-ernest-modeste-grétry-17411813.jpg,https://www.metmuseum.org/art/collection/search/205107,True
impressionism,met,206965,Longcase astronomical regulator,Ferdinand Berthoud,artwork2_met_506_ferdinand-berthoud_longcase-astronomical-regulator.jpg,artworks/artwork2_met_506_ferdinand-berthoud_longcase-astronomical-regulator.jpg,https://www.metmuseum.org/art/collection/search/206965,True
impressionism,met,437422,Charity,Guido Reni,artwork2_met_507_guido-reni_charity.jpg,artworks/artwork2_met_507_guido-reni_charity.jpg,https://www.metmuseum.org/art/collection/search/437422,True
impressionism,met,544740,Yuny and His Wife Renenutet,,artwork2_met_508_unknown_yuny-and-his-wife-renenutet.jpg,artworks/artwork2_met_508_unknown_yuny-and-his-wife-renenutet.jpg,https://www.metmuseum.org/art/collection/search/544740,True
impressionism,met,544499,Stela with Taweret and Mut of Isheru,,artwork2_met_509_unknown_stela-with-taweret-and-mut-of-isheru.jpg,artworks/artwork2_met_509_unknown_stela-with-taweret-and-mut-of-isheru.jpg,https://www.metmuseum.org/art/collection/search/544499,True
impressionism,met,824771,Marie Antoinette in a Park,Elisabeth Louise Vigée Le Brun,artwork2_met_510_elisabeth-louise-vigée-le-brun_marie-antoinette-in-a-park.jpg,artworks/artwork2_met_510_elisabeth-louise-vigée-le-brun_marie-antoinette-in-a-park.jpg,https://www.metmuseum.org/art/collection/search/824771,True
impressionism,met,317877,Processional Cross,Northern Highlands artist,artwork2_met_511_northern-highlands-artist_processional-cross.jpg,artworks/artwork2_met_511_northern-highlands-artist_processional-cross.jpg,https://www.metmuseum.org/art/collection/search/317877,True
impressionism,met,459027,"Portrait of a Woman, Possibly a Nun of San Secondo; (verso) Scene in Grisaille",Jacometto (Jacometto Veneziano),artwork2_met_512_jacometto-jacometto-veneziano_portrait-of-a-woman-possibly-a-nun-of-san-secondo.jpg,artworks/artwork2_met_512_jacometto-jacometto-veneziano_portrait-of-a-woman-possibly-a-nun-of-san-secondo.jpg,https://www.metmuseum.org/art/collection/search/459027,True
impressionism,met,459028,Portrait of Alvise Contarini(?); (verso) A Tethered Roebuck,Jacometto (Jacometto Veneziano),artwork2_met_513_jacometto-jacometto-veneziano_portrait-of-alvise-contarini-verso-a-tethered-roeb.jpg,artworks/artwork2_met_513_jacometto-jacometto-veneziano_portrait-of-alvise-contarini-verso-a-tethered-roeb.jpg,https://www.metmuseum.org/art/collection/search/459028,True
impressionism,met,436241,Cows Crossing a Ford,Jules Dupré,artwork2_met_514_jules-dupré_cows-crossing-a-ford.jpg,artworks/artwork2_met_514_jules-dupré_cows-crossing-a-ford.jpg,https://www.metmuseum.org/art/collection/search/436241,True
impressionism,met,438821,Ia Orana Maria (Hail Mary),Paul Gauguin,artwork2_met_515_paul-gauguin_ia-orana-maria-hail-mary.jpg,artworks/artwork2_met_515_paul-gauguin_ia-orana-maria-hail-mary.jpg,https://www.metmuseum.org/art/collection/search/438821,True
impressionism,met,209104,Settee (one of a pair) (part of a set),Johann Michael Bauer,artwork2_met_516_johann-michael-bauer_settee-one-of-a-pair-part-of-a-set.jpg,artworks/artwork2_met_516_johann-michael-bauer_settee-one-of-a-pair-part-of-a-set.jpg,https://www.metmuseum.org/art/collection/search/209104,True
impressionism,met,435711,An Egyptian Peasant Woman and Her Child,Léon Bonnat,artwork2_met_517_léon-bonnat_an-egyptian-peasant-woman-and-her-child.jpg,artworks/artwork2_met_517_léon-bonnat_an-egyptian-peasant-woman-and-her-child.jpg,https://www.metmuseum.org/art/collection/search/435711,True
impressionism,met,435848,The Birth of the Virgin,Fra Carnevale (Bartolomeo di Giovanni Corradini),artwork2_met_518_fra-carnevale-bartolomeo-di-giovanni-cor_the-birth-of-the-virgin.jpg,artworks/artwork2_met_518_fra-carnevale-bartolomeo-di-giovanni-cor_the-birth-of-the-virgin.jpg,https://www.metmuseum.org/art/collection/search/435848,True
impressionism,met,207157,Dwarf (one of a pair),Villeroy,artwork2_met_519_villeroy_dwarf-one-of-a-pair.jpg,artworks/artwork2_met_519_villeroy_dwarf-one-of-a-pair.jpg,https://www.metmuseum.org/art/collection/search/207157,True
impressionism,met,237451,Dwarf (one of a pair),Villeroy,artwork2_met_520_villeroy_dwarf-one-of-a-pair.jpg,artworks/artwork2_met_520_villeroy_dwarf-one-of-a-pair.jpg,https://www.metmuseum.org/art/collection/search/237451,True
impressionism,met,436102,Virgin and Child with Four Angels,Gerard David,artwork2_met_521_gerard-david_virgin-and-child-with-four-angels.jpg,artworks/artwork2_met_521_gerard-david_virgin-and-child-with-four-angels.jpg,https://www.metmuseum.org/art/collection/search/436102,True
impressionism,met,194191,Clock watch with astronomical dial and sundial,Jan Jansen Bockeltz,artwork2_met_522_jan-jansen-bockeltz_clock-watch-with-astronomical-dial-and-sundial.jpg,artworks/artwork2_met_522_jan-jansen-bockeltz_clock-watch-with-astronomical-dial-and-sundial.jpg,https://www.metmuseum.org/art/collection/search/194191,True
impressionism,met,192770,Saint Bridget of Sweden Receiving the Rule of Her Order,Agostino d'Antonio di Duccio,artwork2_met_523_agostino-dantonio-di-duccio_saint-bridget-of-sweden-receiving-the-rule-of-her.jpg,artworks/artwork2_met_523_agostino-dantonio-di-duccio_saint-bridget-of-sweden-receiving-the-rule-of-her.jpg,https://www.metmuseum.org/art/collection/search/192770,True
impressionism,met,451725,"""The Concourse of the Birds"", Folio 11r from a Mantiq al-Tayr (Language of the Birds)",Habiballah of Sava,artwork2_met_524_habiballah-of-sava_the-concourse-of-the-birds-folio-11r-from-a-mantiq.jpg,artworks/artwork2_met_524_habiballah-of-sava_the-concourse-of-the-birds-folio-11r-from-a-mantiq.jpg,https://www.metmuseum.org/art/collection/search/451725,True
impressionism,met,460281,Tabernacle Polyptych with the Madonna and Child and Scenes from the Life of Christ,,artwork2_met_525_unknown_tabernacle-polyptych-with-the-madonna-and-child-an.jpg,artworks/artwork2_met_525_unknown_tabernacle-polyptych-with-the-madonna-and-child-an.jpg,https://www.metmuseum.org/art/collection/search/460281,True
renaissance portrait,met,436896,Portrait of a Woman with a Man at a Casement,Fra Filippo Lippi,artwork2_met_526_fra-filippo-lippi_portrait-of-a-woman-with-a-man-at-a-casement.jpg,artworks/artwork2_met_526_fra-filippo-lippi_portrait-of-a-woman-with-a-man-at-a-casement.jpg,https://www.metmuseum.org/art/collection/search/436896,True
renaissance portrait,met,438688,Saint Francis,Federico Barocci,artwork2_met_527_federico-barocci_saint-francis.jpg,artworks/artwork2_met_527_federico-barocci_saint-francis.jpg,https://www.metmuseum.org/art/collection/search/438688,True
renaissance portrait,met,437609,The Holy Family with the Young Saint John the Baptist,Andrea del Sarto (Andrea d'Agnolo),artwork2_met_528_andrea-del-sarto-andrea-dagnolo_the-holy-family-with-the-young-saint-john-the-bapt.jpg,artworks/artwork2_met_528_andrea-del-sarto-andrea-dagnolo_the-holy-family-with-the-young-saint-john-the-bapt.jpg,https://www.metmuseum.org/art/collection/search/437609,True
renaissance portrait,met,436803,The Adoration of the Magi,Joos van Wassenhove,artwork2_met_529_joos-van-wassenhove_the-adoration-of-the-magi.jpg,artworks/artwork2_met_529_joos-van-wassenhove_the-adoration-of-the-magi.jpg,https://www.metmuseum.org/art/collection/search/436803,True
renaissance portrait,met,204587,Emperor Antoninus Pius,Antico (Pier Jacopo Alari Bonacolsi),artwork2_met_530_antico-pier-jacopo-alari-bonacolsi_emperor-antoninus-pius.jpg,artworks/artwork2_met_530_antico-pier-jacopo-alari-bonacolsi_emperor-antoninus-pius.jpg,https://www.metmuseum.org/art/collection/search/204587,True
renaissance portrait,met,436885,Scene from a Novella,Liberale da Verona,artwork2_met_531_liberale-da-verona_scene-from-a-novella.jpg,artworks/artwork2_met_531_liberale-da-verona_scene-from-a-novella.jpg,https://www.metmuseum.org/art/collection/search/436885,True
renaissance portrait,met,198704,Dish depicting The Death of Saul,Medici Porcelain Manufactory,artwork2_met_532_medici-porcelain-manufactory_dish-depicting-the-death-of-saul.jpg,artworks/artwork2_met_532_medici-porcelain-manufactory_dish-depicting-the-death-of-saul.jpg,https://www.metmuseum.org/art/collection/search/198704,True
renaissance portrait,met,435897,Head of Christ (Ecce Homo),Petrus Christus,artwork2_met_533_petrus-christus_head-of-christ-ecce-homo.jpg,artworks/artwork2_met_533_petrus-christus_head-of-christ-ecce-homo.jpg,https://www.metmuseum.org/art/collection/search/435897,True
renaissance portrait,met,436658,Hermann von Wedigh III (died 1560),Hans Holbein the Younger,artwork2_met_534_hans-holbein-the-younger_hermann-von-wedigh-iii-died-1560.jpg,artworks/artwork2_met_534_hans-holbein-the-younger_hermann-von-wedigh-iii-died-1560.jpg,https://www.metmuseum.org/art/collection/search/436658,True
renaissance portrait,met,437173,Don Andrés de Andrade y la Cal,Bartolomé Estebán Murillo,artwork2_met_535_bartolomé-estebán-murillo_don-andrés-de-andrade-y-la-cal.jpg,artworks/artwork2_met_535_bartolomé-estebán-murillo_don-andrés-de-andrade-y-la-cal.jpg,https://www.metmuseum.org/art/collection/search/437173,True
renaissance portrait,met,435722,Portrait of a Man in Armor with Two Pages,Paris Bordon,artwork2_met_536_paris-bordon_portrait-of-a-man-in-armor-with-two-pages.jpg,artworks/artwork2_met_536_paris-bordon_portrait-of-a-man-in-armor-with-two-pages.jpg,https://www.metmuseum.org/art/collection/search/435722,True
renaissance portrait,met,437021,Head of Christ,Master of the Orcagnesque Misericordia,artwork2_met_537_master-of-the-orcagnesque-misericordia_head-of-christ.jpg,artworks/artwork2_met_537_master-of-the-orcagnesque-misericordia_head-of-christ.jpg,https://www.metmuseum.org/art/collection/search/437021,True
renaissance portrait,met,438816,The Forest in Winter at Sunset,Théodore Rousseau,artwork2_met_538_théodore-rousseau_the-forest-in-winter-at-sunset.jpg,artworks/artwork2_met_538_théodore-rousseau_the-forest-in-winter-at-sunset.jpg,https://www.metmuseum.org/art/collection/search/438816,True
renaissance portrait,met,459071,Portrait of a Woman,Netherlandish or French,artwork2_met_539_netherlandish-or-french_portrait-of-a-woman.jpg,artworks/artwork2_met_539_netherlandish-or-french_portrait-of-a-woman.jpg,https://www.metmuseum.org/art/collection/search/459071,True
renaissance portrait,met,437457,The Baptism of Christ,Sebastiano Ricci,artwork2_met_540_sebastiano-ricci_the-baptism-of-christ.jpg,artworks/artwork2_met_540_sebastiano-ricci_the-baptism-of-christ.jpg,https://www.metmuseum.org/art/collection/search/437457,True
renaissance portrait,met,450409,Enameled and Gilded Bottle,,artwork2_met_541_unknown_enameled-and-gilded-bottle.jpg,artworks/artwork2_met_541_unknown_enameled-and-gilded-bottle.jpg,https://www.metmuseum.org/art/collection/search/450409,True
renaissance portrait,met,435651,The Lamentation,Ambrosius Benson,artwork2_met_542_ambrosius-benson_the-lamentation.jpg,artworks/artwork2_met_542_ambrosius-benson_the-lamentation.jpg,https://www.metmuseum.org/art/collection/search/435651,True
renaissance portrait,met,437061,Salvator Mundi,Hans Memling,artwork2_met_543_hans-memling_salvator-mundi.jpg,artworks/artwork2_met_543_hans-memling_salvator-mundi.jpg,https://www.metmuseum.org/art/collection/search/437061,True
renaissance portrait,met,437368,Holy Family with an Angel,Raffaellino del Garbo (also known as Raffaelle de' Capponi and Raffaelle de' Carli),artwork2_met_544_raffaellino-del-garbo-also-known-as-raff_holy-family-with-an-angel.jpg,artworks/artwork2_met_544_raffaellino-del-garbo-also-known-as-raff_holy-family-with-an-angel.jpg,https://www.metmuseum.org/art/collection/search/437368,True
renaissance portrait,met,436897,Saint Lawrence Enthroned with Saints and Donors,Fra Filippo Lippi,artwork2_met_545_fra-filippo-lippi_saint-lawrence-enthroned-with-saints-and-donors.jpg,artworks/artwork2_met_545_fra-filippo-lippi_saint-lawrence-enthroned-with-saints-and-donors.jpg,https://www.metmuseum.org/art/collection/search/436897,True
renaissance portrait,met,436099,The Nativity with Donors and Saints Jerome and Leonard,Gerard David,artwork2_met_546_gerard-david_the-nativity-with-donors-and-saints-jerome-and-leo.jpg,artworks/artwork2_met_546_gerard-david_the-nativity-with-donors-and-saints-jerome-and-leo.jpg,https://www.metmuseum.org/art/collection/search/436099,True
landscape painting,met,764091,Our Lady of Valvanera,Unknown,artwork2_met_547_unknown_our-lady-of-valvanera.jpg,artworks/artwork2_met_547_unknown_our-lady-of-valvanera.jpg,https://www.metmuseum.org/art/collection/search/764091,True
landscape painting,met,436492,Saint Christopher and the Infant Christ,Domenico Ghirlandaio (Domenico Bigordi),artwork2_met_548_domenico-ghirlandaio-domenico-bigordi_saint-christopher-and-the-infant-christ.jpg,artworks/artwork2_met_548_domenico-ghirlandaio-domenico-bigordi_saint-christopher-and-the-infant-christ.jpg,https://www.metmuseum.org/art/collection/search/436492,True
landscape painting,met,10771,Spring Landscape,Thomas Doughty,artwork2_met_549_thomas-doughty_spring-landscape.jpg,artworks/artwork2_met_549_thomas-doughty_spring-landscape.jpg,https://www.metmuseum.org/art/collection/search/10771,True
landscape painting,met,53449,Six Jewel Rivers from Various Provinces,Utagawa Hiroshige,artwork2_met_550_utagawa-hiroshige_six-jewel-rivers-from-various-provinces.jpg,artworks/artwork2_met_550_utagawa-hiroshige_six-jewel-rivers-from-various-provinces.jpg,https://www.metmuseum.org/art/collection/search/53449,True
landscape painting,met,50168,Winter landscape with fisherman,Shi Zhong,artwork2_met_551_shi-zhong_winter-landscape-with-fisherman.jpg,artworks/artwork2_met_551_shi-zhong_winter-landscape-with-fisherman.jpg,https://www.metmuseum.org/art/collection/search/50168,True
landscape painting,met,53660,Ten Verses on Oxherding,,artwork2_met_552_unknown_ten-verses-on-oxherding.jpg,artworks/artwork2_met_552_unknown_ten-verses-on-oxherding.jpg,https://www.metmuseum.org/art/collection/search/53660,True
landscape painting,met,437518,A River in a Meadow,Théodore Rousseau,artwork2_met_553_théodore-rousseau_a-river-in-a-meadow.jpg,artworks/artwork2_met_553_théodore-rousseau_a-river-in-a-meadow.jpg,https://www.metmuseum.org/art/collection/search/437518,True
landscape painting,met,437299,"Jalais Hill, Pontoise",Camille Pissarro,artwork2_met_554_camille-pissarro_jalais-hill-pontoise.jpg,artworks/artwork2_met_554_camille-pissarro_jalais-hill-pontoise.jpg,https://www.metmuseum.org/art/collection/search/437299,True
landscape painting,met,438624,Lake Fucino and the Abruzzi Mountains,Joseph Bidauld,artwork2_met_555_joseph-bidauld_lake-fucino-and-the-abruzzi-mountains.jpg,artworks/artwork2_met_555_joseph-bidauld_lake-fucino-and-the-abruzzi-mountains.jpg,https://www.metmuseum.org/art/collection/search/438624,True
landscape painting,met,44759,"Landscapes, Figures, and Flowers",Chen Hongshou,artwork2_met_556_chen-hongshou_landscapes-figures-and-flowers.jpg,artworks/artwork2_met_556_chen-hongshou_landscapes-figures-and-flowers.jpg,https://www.metmuseum.org/art/collection/search/44759,True
landscape painting,met,437059,Young Woman with a Pink,Hans Memling,artwork2_met_557_hans-memling_young-woman-with-a-pink.jpg,artworks/artwork2_met_557_hans-memling_young-woman-with-a-pink.jpg,https://www.metmuseum.org/art/collection/search/437059,True
landscape painting,met,437508,Self-Portrait,Salvator Rosa,artwork2_met_558_salvator-rosa_self-portrait.jpg,artworks/artwork2_met_558_salvator-rosa_self-portrait.jpg,https://www.metmuseum.org/art/collection/search/437508,True
landscape painting,met,436596,Venice from the Bacino di San Marco,Francesco Guardi,artwork2_met_559_francesco-guardi_venice-from-the-bacino-di-san-marco.jpg,artworks/artwork2_met_559_francesco-guardi_venice-from-the-bacino-di-san-marco.jpg,https://www.metmuseum.org/art/collection/search/436596,True
landscape painting,met,436518,Madonna and Child with Saints,Girolamo dai Libri,artwork2_met_560_girolamo-dai-libri_madonna-and-child-with-saints.jpg,artworks/artwork2_met_560_girolamo-dai-libri_madonna-and-child-with-saints.jpg,https://www.metmuseum.org/art/collection/search/436518,True
landscape painting,met,448280,"""Bizhan Slaughters the Wild Boars of Irman"", Folio from a Shahnama (Book of Kings)",Abu'l Qasim Firdausi,artwork2_met_561_abul-qasim-firdausi_bizhan-slaughters-the-wild-boars-of-irman-folio-fr.jpg,artworks/artwork2_met_561_abul-qasim-firdausi_bizhan-slaughters-the-wild-boars-of-irman-folio-fr.jpg,https://www.metmuseum.org/art/collection/search/448280,True
landscape painting,met,436336,The Pérussis Altarpiece,Nicolas Froment,artwork2_met_562_nicolas-froment_the-pérussis-altarpiece.jpg,artworks/artwork2_met_562_nicolas-froment_the-pérussis-altarpiece.jpg,https://www.metmuseum.org/art/collection/search/436336,True
landscape painting,met,436098,The Crucifixion,Gerard David,artwork2_met_563_gerard-david_the-crucifixion.jpg,artworks/artwork2_met_563_gerard-david_the-crucifixion.jpg,https://www.metmuseum.org/art/collection/search/436098,True
rococo portrait,met,452102,Damascus Room,,artwork2_met_564_unknown_damascus-room.jpg,artworks/artwork2_met_564_unknown_damascus-room.jpg,https://www.metmuseum.org/art/collection/search/452102,True
rococo portrait,met,205737,Settee (one of a pair) (part of a set),Johann Michael Bauer,artwork2_met_565_johann-michael-bauer_settee-one-of-a-pair-part-of-a-set.jpg,artworks/artwork2_met_565_johann-michael-bauer_settee-one-of-a-pair-part-of-a-set.jpg,https://www.metmuseum.org/art/collection/search/205737,True
rococo portrait,met,436105,The Death of Socrates,Jacques Louis David,artwork2_met_566_jacques-louis-david_the-death-of-socrates.jpg,artworks/artwork2_met_566_jacques-louis-david_the-death-of-socrates.jpg,https://www.metmuseum.org/art/collection/search/436105,True
rococo portrait,met,200840,Glass cooler (seau à verre),Saint-Cloud factory,artwork2_met_567_saint-cloud-factory_glass-cooler-seau-à-verre.jpg,artworks/artwork2_met_567_saint-cloud-factory_glass-cooler-seau-à-verre.jpg,https://www.metmuseum.org/art/collection/search/200840,True
rococo portrait,met,233024,Upholstery panels for a settee,,artwork2_met_568_unknown_upholstery-panels-for-a-settee.jpg,artworks/artwork2_met_568_unknown_upholstery-panels-for-a-settee.jpg,https://www.metmuseum.org/art/collection/search/233024,True
rococo portrait,met,233023,Upholstery panels for a settee,,artwork2_met_569_unknown_upholstery-panels-for-a-settee.jpg,artworks/artwork2_met_569_unknown_upholstery-panels-for-a-settee.jpg,https://www.metmuseum.org/art/collection/search/233023,True
rococo portrait,met,197742,Armchair (part of a set),Nicolas-Quinibert Foliot,artwork2_met_570_nicolas-quinibert-foliot_armchair-part-of-a-set.jpg,artworks/artwork2_met_570_nicolas-quinibert-foliot_armchair-part-of-a-set.jpg,https://www.metmuseum.org/art/collection/search/197742,True
rococo portrait,met,197738,Settee (canapé) (part of a set),Nicolas-Quinibert Foliot,artwork2_met_571_nicolas-quinibert-foliot_settee-canapé-part-of-a-set.jpg,artworks/artwork2_met_571_nicolas-quinibert-foliot_settee-canapé-part-of-a-set.jpg,https://www.metmuseum.org/art/collection/search/197738,True
rococo portrait,met,197740,Armchair (part of a set),Nicolas-Quinibert Foliot,artwork2_met_572_nicolas-quinibert-foliot_armchair-part-of-a-set.jpg,artworks/artwork2_met_572_nicolas-quinibert-foliot_armchair-part-of-a-set.jpg,https://www.metmuseum.org/art/collection/search/197740,True
rococo portrait,met,197744,Armchair (part of a set),Nicolas-Quinibert Foliot,artwork2_met_573_nicolas-quinibert-foliot_armchair-part-of-a-set.jpg,artworks/artwork2_met_573_nicolas-quinibert-foliot_armchair-part-of-a-set.jpg,https://www.metmuseum.org/art/collection/search/197744,True
rococo portrait,met,197741,Armchair (part of a set),Nicolas-Quinibert Foliot,artwork2_met_574_nicolas-quinibert-foliot_armchair-part-of-a-set.jpg,artworks/artwork2_met_574_nicolas-quinibert-foliot_armchair-part-of-a-set.jpg,https://www.metmuseum.org/art/collection/search/197741,True
rococo portrait,met,197743,Armchair (part of a set),Nicolas-Quinibert Foliot,artwork2_met_575_nicolas-quinibert-foliot_armchair-part-of-a-set.jpg,artworks/artwork2_met_575_nicolas-quinibert-foliot_armchair-part-of-a-set.jpg,https://www.metmuseum.org/art/collection/search/197743,True
rococo portrait,met,197739,Armchair (part of a set),Nicolas-Quinibert Foliot,artwork2_met_576_nicolas-quinibert-foliot_armchair-part-of-a-set.jpg,artworks/artwork2_met_576_nicolas-quinibert-foliot_armchair-part-of-a-set.jpg,https://www.metmuseum.org/art/collection/search/197739,True
rococo portrait,met,231000,Four upholstery panels for a settee,Beauvais,artwork2_met_577_beauvais_four-upholstery-panels-for-a-settee.jpg,artworks/artwork2_met_577_beauvais_four-upholstery-panels-for-a-settee.jpg,https://www.metmuseum.org/art/collection/search/231000,True
dutch master,met,626692,The Jabach Family,Charles Le Brun,artwork2_met_578_charles-le-brun_the-jabach-family.jpg,artworks/artwork2_met_578_charles-le-brun_the-jabach-family.jpg,https://www.metmuseum.org/art/collection/search/626692,True
dutch master,met,435817,The Crucifixion with the Virgin and Saint John,Hendrick ter Brugghen,artwork2_met_579_hendrick-ter-brugghen_the-crucifixion-with-the-virgin-and-saint-john.jpg,artworks/artwork2_met_579_hendrick-ter-brugghen_the-crucifixion-with-the-virgin-and-saint-john.jpg,https://www.metmuseum.org/art/collection/search/435817,True
dutch master,met,437878,A Maid Asleep,Johannes Vermeer,artwork2_met_580_johannes-vermeer_a-maid-asleep.jpg,artworks/artwork2_met_580_johannes-vermeer_a-maid-asleep.jpg,https://www.metmuseum.org/art/collection/search/437878,True
dutch master,met,436529,"L'Arlésienne: Madame Joseph-Michel Ginoux (Marie Julien, 1848–1911)",Vincent van Gogh,artwork2_met_581_vincent-van-gogh_larlésienne-madame-joseph-michel-ginoux-marie-juli.jpg,artworks/artwork2_met_581_vincent-van-gogh_larlésienne-madame-joseph-michel-ginoux-marie-juli.jpg,https://www.metmuseum.org/art/collection/search/436529,True
dutch master,met,437984,"La Berceuse (Woman Rocking a Cradle; Augustine-Alix Pellicot Roulin, 1851–1930)",Vincent van Gogh,artwork2_met_582_vincent-van-gogh_la-berceuse-woman-rocking-a-cradle-augustine-alix.jpg,artworks/artwork2_met_582_vincent-van-gogh_la-berceuse-woman-rocking-a-cradle-augustine-alix.jpg,https://www.metmuseum.org/art/collection/search/437984,True
dutch master,met,438779,A Peasant Family,Antoine Le Nain,artwork2_met_583_antoine-le-nain_a-peasant-family.jpg,artworks/artwork2_met_583_antoine-le-nain_a-peasant-family.jpg,https://www.metmuseum.org/art/collection/search/438779,True
dutch master,met,435807,The Smokers,Adriaen Brouwer,artwork2_met_584_adriaen-brouwer_the-smokers.jpg,artworks/artwork2_met_584_adriaen-brouwer_the-smokers.jpg,https://www.metmuseum.org/art/collection/search/435807,True
dutch master,met,437405,A Young Woman as a Shepherdess,Govert Flinck,artwork2_met_585_govert-flinck_a-young-woman-as-a-shepherdess.jpg,artworks/artwork2_met_585_govert-flinck_a-young-woman-as-a-shepherdess.jpg,https://www.metmuseum.org/art/collection/search/437405,True
dutch master,met,437585,Market by the Seashore,Salomon van Ruysdael,artwork2_met_586_salomon-van-ruysdael_market-by-the-seashore.jpg,artworks/artwork2_met_586_salomon-van-ruysdael_market-by-the-seashore.jpg,https://www.metmuseum.org/art/collection/search/437585,True
dutch master,met,436271,The Crucifixion with Donors and Saints Peter and Margaret of Antioch,Cornelis Engebrechtsz,artwork2_met_587_cornelis-engebrechtsz_the-crucifixion-with-donors-and-saints-peter-and-m.jpg,artworks/artwork2_met_587_cornelis-engebrechtsz_the-crucifixion-with-donors-and-saints-peter-and-m.jpg,https://www.metmuseum.org/art/collection/search/436271,True
dutch master,met,437202,Christ Bearing the Cross,North Netherlandish (Bruges) Painter,artwork2_met_588_north-netherlandish-bruges-painter_christ-bearing-the-cross.jpg,artworks/artwork2_met_588_north-netherlandish-bruges-painter_christ-bearing-the-cross.jpg,https://www.metmuseum.org/art/collection/search/437202,True
dutch master,met,452032,Pierced Bowl Signed by Hasan al-Qashani,,artwork2_met_589_unknown_pierced-bowl-signed-by-hasan-al-qashani.jpg,artworks/artwork2_met_589_unknown_pierced-bowl-signed-by-hasan-al-qashani.jpg,https://www.metmuseum.org/art/collection/search/452032,True
dutch master,met,437800,The Investiture of Bishop Harold as Duke of Franconia,Giovanni Battista Tiepolo,artwork2_met_590_giovanni-battista-tiepolo_the-investiture-of-bishop-harold-as-duke-of-franco.jpg,artworks/artwork2_met_590_giovanni-battista-tiepolo_the-investiture-of-bishop-harold-as-duke-of-franco.jpg,https://www.metmuseum.org/art/collection/search/437800,True
dutch master,met,437216,The Fifteen Mysteries and the Virgin of the Rosary,Netherlandish (Brussels) Painter,artwork2_met_591_netherlandish-brussels-painter_the-fifteen-mysteries-and-the-virgin-of-the-rosary.jpg,artworks/artwork2_met_591_netherlandish-brussels-painter_the-fifteen-mysteries-and-the-virgin-of-the-rosary.jpg,https://www.metmuseum.org/art/collection/search/437216,True
dutch master,met,435844,The Musicians,Caravaggio (Michelangelo Merisi),artwork2_met_592_caravaggio-michelangelo-merisi_the-musicians.jpg,artworks/artwork2_met_592_caravaggio-michelangelo-merisi_the-musicians.jpg,https://www.metmuseum.org/art/collection/search/435844,True
dutch master,met,436838,The Fortune-Teller,Georges de La Tour,artwork2_met_593_georges-de-la-tour_the-fortune-teller.jpg,artworks/artwork2_met_593_georges-de-la-tour_the-fortune-teller.jpg,https://www.metmuseum.org/art/collection/search/436838,True
dutch master,met,436043,"Friedrich III (1463–1525), the Wise, Elector of Saxony",Lucas Cranach the Elder and Workshop,artwork2_met_594_lucas-cranach-the-elder-and-workshop_friedrich-iii-14631525-the-wise-elector-of-saxony.jpg,artworks/artwork2_met_594_lucas-cranach-the-elder-and-workshop_friedrich-iii-14631525-the-wise-elector-of-saxony.jpg,https://www.metmuseum.org/art/collection/search/436043,True
dutch master,met,437873,"Philip IV (1605–1665), King of Spain",Velázquez (Diego Rodríguez de Silva y Velázquez),artwork2_met_595_velázquez-diego-rodríguez-de-silva-y-vel_philip-iv-16051665-king-of-spain.jpg,artworks/artwork2_met_595_velázquez-diego-rodríguez-de-silva-y-vel_philip-iv-16051665-king-of-spain.jpg,https://www.metmuseum.org/art/collection/search/437873,True
baroque painting,met,712539,Saint Philip Neri (1515–1595),Carlo Dolci,artwork2_met_596_carlo-dolci_saint-philip-neri-15151595.jpg,artworks/artwork2_met_596_carlo-dolci_saint-philip-neri-15151595.jpg,https://www.metmuseum.org/art/collection/search/712539,True
baroque painting,met,643540,Portrait of a Woman,Giovanni Battista Gaulli (Il Baciccio),artwork2_met_597_giovanni-battista-gaulli-il-baciccio_portrait-of-a-woman.jpg,artworks/artwork2_met_597_giovanni-battista-gaulli-il-baciccio_portrait-of-a-woman.jpg,https://www.metmuseum.org/art/collection/search/643540,True
baroque painting,met,761114,Mercury and Cupid,Francesco Fanelli,artwork2_met_598_francesco-fanelli_mercury-and-cupid.jpg,artworks/artwork2_met_598_francesco-fanelli_mercury-and-cupid.jpg,https://www.metmuseum.org/art/collection/search/761114,True
baroque painting,met,436836,Allegory of Music,Laurent de La Hyre,artwork2_met_599_laurent-de-la-hyre_allegory-of-music.jpg,artworks/artwork2_met_599_laurent-de-la-hyre_allegory-of-music.jpg,https://www.metmuseum.org/art/collection/search/436836,True
baroque painting,met,207536,The Sacrifice of Jephthah's Daughter,Massimiliano Soldani,artwork2_met_600_massimiliano-soldani_the-sacrifice-of-jephthahs-daughter.jpg,artworks/artwork2_met_600_massimiliano-soldani_the-sacrifice-of-jephthahs-daughter.jpg,https://www.metmuseum.org/art/collection/search/207536,True
baroque painting,met,197461,Saint Bernardino of Siena,Fulvio Signorini,artwork2_met_601_fulvio-signorini_saint-bernardino-of-siena.jpg,artworks/artwork2_met_601_fulvio-signorini_saint-bernardino-of-siena.jpg,https://www.metmuseum.org/art/collection/search/197461,True
baroque painting,met,197460,Saint Catherine of Siena,Fulvio Signorini,artwork2_met_602_fulvio-signorini_saint-catherine-of-siena.jpg,artworks/artwork2_met_602_fulvio-signorini_saint-catherine-of-siena.jpg,https://www.metmuseum.org/art/collection/search/197460,True
baroque painting,met,437868,"Don Gaspar de Guzmán (1587–1645), Count-Duke of Olivares",Juan Bautista Martínez del Mazo,artwork2_met_603_juan-bautista-martínez-del-mazo_don-gaspar-de-guzmán-15871645-count-duke-of-olivar.jpg,artworks/artwork2_met_603_juan-bautista-martínez-del-mazo_don-gaspar-de-guzmán-15871645-count-duke-of-olivar.jpg,https://www.metmuseum.org/art/collection/search/437868,True
baroque painting,met,436607,An Allegory,Domenico Guidobono,artwork2_met_604_domenico-guidobono_an-allegory.jpg,artworks/artwork2_met_604_domenico-guidobono_an-allegory.jpg,https://www.metmuseum.org/art/collection/search/436607,True
baroque painting,met,437376,A Cat Stealing Fish,Giuseppe Recco,artwork2_met_605_giuseppe-recco_a-cat-stealing-fish.jpg,artworks/artwork2_met_605_giuseppe-recco_a-cat-stealing-fish.jpg,https://www.metmuseum.org/art/collection/search/437376,True
baroque painting,met,198747,Bowl with cover (perfume burner),Giuseppe de' Levi,artwork2_met_606_giuseppe-de-levi_bowl-with-cover-perfume-burner.jpg,artworks/artwork2_met_606_giuseppe-de-levi_bowl-with-cover-perfume-burner.jpg,https://www.metmuseum.org/art/collection/search/198747,True
baroque painting,met,204692,Seated male figure,,artwork2_met_607_unknown_seated-male-figure.jpg,artworks/artwork2_met_607_unknown_seated-male-figure.jpg,https://www.metmuseum.org/art/collection/search/204692,True
japanese print,met,816189,"”Abiding nowhere, the awakened mind arises”",Musō Soseki,artwork2_met_608_musō-soseki_abiding-nowhere-the-awakened-mind-arises.jpg,artworks/artwork2_met_608_musō-soseki_abiding-nowhere-the-awakened-mind-arises.jpg,https://www.metmuseum.org/art/collection/search/816189,True
japanese print,met,49068,Bamboo in Snow,Dapeng Zhengkun (Taihō Shōkon),artwork2_met_609_dapeng-zhengkun-taihō-shōkon_bamboo-in-snow.jpg,artworks/artwork2_met_609_dapeng-zhengkun-taihō-shōkon_bamboo-in-snow.jpg,https://www.metmuseum.org/art/collection/search/49068,True
japanese print,met,56736,Kabuki Actor Ichimura Uzaemon IX,Torii Kiyomitsu,artwork2_met_610_torii-kiyomitsu_kabuki-actor-ichimura-uzaemon-ix.jpg,artworks/artwork2_met_610_torii-kiyomitsu_kabuki-actor-ichimura-uzaemon-ix.jpg,https://www.metmuseum.org/art/collection/search/56736,True
japanese print,met,53895,Palindromic Poems (Kaibunka): Kyo,Suzuki Harunobu,artwork2_met_611_suzuki-harunobu_palindromic-poems-kaibunka-kyo.jpg,artworks/artwork2_met_611_suzuki-harunobu_palindromic-poems-kaibunka-kyo.jpg,https://www.metmuseum.org/art/collection/search/53895,True
japanese print,met,53162,Tobatsu Bishamonten,,artwork2_met_612_unknown_tobatsu-bishamonten.jpg,artworks/artwork2_met_612_unknown_tobatsu-bishamonten.jpg,https://www.metmuseum.org/art/collection/search/53162,True
japanese print,met,55406,Recently Imported Big Elephant,Ichiryūsai Yoshitoyo,artwork2_met_613_ichiryūsai-yoshitoyo_recently-imported-big-elephant.jpg,artworks/artwork2_met_613_ichiryūsai-yoshitoyo_recently-imported-big-elephant.jpg,https://www.metmuseum.org/art/collection/search/55406,True
japanese print,met,888663,Handscroll of Ten Homoerotic (Nanshoku) Scenes,Miyagawa Chōshun 宮川長春,artwork2_met_614_miyagawa-chōshun-宮川長春_handscroll-of-ten-homoerotic-nanshoku-scenes.jpg,artworks/artwork2_met_614_miyagawa-chōshun-宮川長春_handscroll-of-ten-homoerotic-nanshoku-scenes.jpg,https://www.metmuseum.org/art/collection/search/888663,True
japanese print,met,39901,Night-Shining White,Han Gan,artwork2_met_615_han-gan_night-shining-white.jpg,artworks/artwork2_met_615_han-gan_night-shining-white.jpg,https://www.metmuseum.org/art/collection/search/39901,True
japanese print,met,60470,On Reclusion,Sesson Yūbai 雪村友梅,artwork2_met_616_sesson-yūbai-雪村友梅_on-reclusion.jpg,artworks/artwork2_met_616_sesson-yūbai-雪村友梅_on-reclusion.jpg,https://www.metmuseum.org/art/collection/search/60470,True
japanese print,met,53454,Two Poems from the Collection of Ancient and Modern Poems (Kokin wakashū),Ike no Taiga,artwork2_met_617_ike-no-taiga_two-poems-from-the-collection-of-ancient-and-moder.jpg,artworks/artwork2_met_617_ike-no-taiga_two-poems-from-the-collection-of-ancient-and-moder.jpg,https://www.metmuseum.org/art/collection/search/53454,True
japanese print,met,53238,Zheng Huangniu and Yushanzhu,Kano Naizen,artwork2_met_618_kano-naizen_zheng-huangniu-and-yushanzhu.jpg,artworks/artwork2_met_618_kano-naizen_zheng-huangniu-and-yushanzhu.jpg,https://www.metmuseum.org/art/collection/search/53238,True
japanese print,met,436947,Boating,Edouard Manet,artwork2_met_619_edouard-manet_boating.jpg,artworks/artwork2_met_619_edouard-manet_boating.jpg,https://www.metmuseum.org/art/collection/search/436947,True
japanese print,met,57344,White Poppies on Gold Ground,Ogata Kōrin,artwork2_met_620_ogata-kōrin_white-poppies-on-gold-ground.jpg,artworks/artwork2_met_620_ogata-kōrin_white-poppies-on-gold-ground.jpg,https://www.metmuseum.org/art/collection/search/57344,True
japanese print,met,40080,Fragrant Snow at Broken Bridge,Wang Mian,artwork2_met_621_wang-mian_fragrant-snow-at-broken-bridge.jpg,artworks/artwork2_met_621_wang-mian_fragrant-snow-at-broken-bridge.jpg,https://www.metmuseum.org/art/collection/search/40080,True
japanese print,met,200876,Potpourri jar,Louis Poterat Manufactory,artwork2_met_622_louis-poterat-manufactory_potpourri-jar.jpg,artworks/artwork2_met_622_louis-poterat-manufactory_potpourri-jar.jpg,https://www.metmuseum.org/art/collection/search/200876,True
japanese print,met,53633,Autumn Trees and Grasses by a Stream,,artwork2_met_623_unknown_autumn-trees-and-grasses-by-a-stream.jpg,artworks/artwork2_met_623_unknown_autumn-trees-and-grasses-by-a-stream.jpg,https://www.metmuseum.org/art/collection/search/53633,True
japanese print,met,437384,Salome,Henri Regnault,artwork2_met_624_henri-regnault_salome.jpg,artworks/artwork2_met_624_henri-regnault_salome.jpg,https://www.metmuseum.org/art/collection/search/437384,True
japanese print,met,39895,The Classic of Filial Piety,Li Gonglin,artwork2_met_625_li-gonglin_the-classic-of-filial-piety.jpg,artworks/artwork2_met_625_li-gonglin_the-classic-of-filial-piety.jpg,https://www.metmuseum.org/art/collection/search/39895,True
religious painting,met,207247,Shoulao,Chantilly,artwork2_met_626_chantilly_shoulao.jpg,artworks/artwork2_met_626_chantilly_shoulao.jpg,https://www.metmuseum.org/art/collection/search/207247,True
religious painting,met,239512,Torah crown (keter),"Andrea Zambelli ""L'Honnesta""",artwork2_met_627_andrea-zambelli-lhonnesta_torah-crown-keter.jpg,artworks/artwork2_met_627_andrea-zambelli-lhonnesta_torah-crown-keter.jpg,https://www.metmuseum.org/art/collection/search/239512,True
religious painting,met,436176,Christ Asleep during the Tempest,Eugène Delacroix,artwork2_met_628_eugène-delacroix_christ-asleep-during-the-tempest.jpg,artworks/artwork2_met_628_eugène-delacroix_christ-asleep-during-the-tempest.jpg,https://www.metmuseum.org/art/collection/search/436176,True
religious painting,met,446561,"""Alexander is Lowered into the Sea"", Folio from a Khamsa (Quintet) of Amir Khusrau Dihlavi",Amir Khusrau Dihlavi,artwork2_met_629_amir-khusrau-dihlavi_alexander-is-lowered-into-the-sea-folio-from-a-kha.jpg,artworks/artwork2_met_629_amir-khusrau-dihlavi_alexander-is-lowered-into-the-sea-folio-from-a-kha.jpg,https://www.metmuseum.org/art/collection/search/446561,True
neoclassical art,met,711224,Design for a Valance with Floral Motifs,"Anonymous, French, 19th century",artwork2_met_630_anonymous-french-19th-century_design-for-a-valance-with-floral-motifs.jpg,artworks/artwork2_met_630_anonymous-french-19th-century_design-for-a-valance-with-floral-motifs.jpg,https://www.metmuseum.org/art/collection/search/711224,True
neoclassical art,met,711322,Design for a Valance with Bundles and Garlands of Flowers and a Monogram Presenting Two Design Variants,"Anonymous, French, 19th century",artwork2_met_631_anonymous-french-19th-century_design-for-a-valance-with-bundles-and-garlands-of.jpg,artworks/artwork2_met_631_anonymous-french-19th-century_design-for-a-valance-with-bundles-and-garlands-of.jpg,https://www.metmuseum.org/art/collection/search/711322,True
neoclassical art,met,711347,Design for a Sofa Seat Cover (?) with an Ornamental Frame Containing a Vase with a Large Bundle of Flowers and Leaves and Decorated with Acanthus Leaves and Two Fleurs de Lys,"Anonymous, French, 19th century",artwork2_met_632_anonymous-french-19th-century_design-for-a-sofa-seat-cover-with-an-ornamental-fr.jpg,artworks/artwork2_met_632_anonymous-french-19th-century_design-for-a-sofa-seat-cover-with-an-ornamental-fr.jpg,https://www.metmuseum.org/art/collection/search/711347,True
neoclassical art,met,204861,Panther,,artwork2_met_633_unknown_panther.jpg,artworks/artwork2_met_633_unknown_panther.jpg,https://www.metmuseum.org/art/collection/search/204861,True
romantic landscape,met,435997,The Storm,Pierre-Auguste Cot,artwork2_met_634_pierre-auguste-cot_the-storm.jpg,artworks/artwork2_met_634_pierre-auguste-cot_the-storm.jpg,https://www.metmuseum.org/art/collection/search/435997,True
romantic landscape,met,436180,The Natchez,Eugène Delacroix,artwork2_met_635_eugène-delacroix_the-natchez.jpg,artworks/artwork2_met_635_eugène-delacroix_the-natchez.jpg,https://www.metmuseum.org/art/collection/search/436180,True
romantic landscape,met,839041,Study of Water and Plants,Thomas Fearnley,artwork2_met_636_thomas-fearnley_study-of-water-and-plants.jpg,artworks/artwork2_met_636_thomas-fearnley_study-of-water-and-plants.jpg,https://www.metmuseum.org/art/collection/search/839041,True
romantic landscape,met,736196,Valentine,Anonymous,artwork2_met_637_anonymous_valentine.jpg,artworks/artwork2_met_637_anonymous_valentine.jpg,https://www.metmuseum.org/art/collection/search/736196,True
romantic landscape,met,436177,George Sand's Garden at Nohant,Eugène Delacroix,artwork2_met_638_eugène-delacroix_george-sands-garden-at-nohant.jpg,artworks/artwork2_met_638_eugène-delacroix_george-sands-garden-at-nohant.jpg,https://www.metmuseum.org/art/collection/search/436177,True
romantic landscape,met,435702,The Horse Fair,Rosa Bonheur,artwork2_met_639_rosa-bonheur_the-horse-fair.jpg,artworks/artwork2_met_639_rosa-bonheur_the-horse-fair.jpg,https://www.metmuseum.org/art/collection/search/435702,True
romantic landscape,met,733847,Famous Women,Gai Qi,artwork2_met_640_gai-qi_famous-women.jpg,artworks/artwork2_met_640_gai-qi_famous-women.jpg,https://www.metmuseum.org/art/collection/search/733847,True
romantic landscape,met,437936,Ariadne,George Frederic Watts,artwork2_met_641_george-frederic-watts_ariadne.jpg,artworks/artwork2_met_641_george-frederic-watts_ariadne.jpg,https://www.metmuseum.org/art/collection/search/437936,True
monet landscape,met,435991,A Woman Reading,Camille Corot,artwork2_met_642_camille-corot_a-woman-reading.jpg,artworks/artwork2_met_642_camille-corot_a-woman-reading.jpg,https://www.metmuseum.org/art/collection/search/435991,True
monet landscape,met,435880,Rocks at Fontainebleau,Paul Cézanne,artwork2_met_643_paul-cézanne_rocks-at-fontainebleau.jpg,artworks/artwork2_met_643_paul-cézanne_rocks-at-fontainebleau.jpg,https://www.metmuseum.org/art/collection/search/435880,True
van gogh drawing,met,436533,Shoes,Vincent van Gogh,artwork2_met_644_vincent-van-gogh_shoes.jpg,artworks/artwork2_met_644_vincent-van-gogh_shoes.jpg,https://www.metmuseum.org/art/collection/search/436533,True
van gogh drawing,met,436535,Wheat Field with Cypresses,Vincent van Gogh,artwork2_met_645_vincent-van-gogh_wheat-field-with-cypresses.jpg,artworks/artwork2_met_645_vincent-van-gogh_wheat-field-with-cypresses.jpg,https://www.metmuseum.org/art/collection/search/436535,True
van gogh drawing,met,459123,Madame Roulin and Her Baby,Vincent van Gogh,artwork2_met_646_vincent-van-gogh_madame-roulin-and-her-baby.jpg,artworks/artwork2_met_646_vincent-van-gogh_madame-roulin-and-her-baby.jpg,https://www.metmuseum.org/art/collection/search/459123,True
van gogh drawing,met,436528,Irises,Vincent van Gogh,artwork2_met_647_vincent-van-gogh_irises.jpg,artworks/artwork2_met_647_vincent-van-gogh_irises.jpg,https://www.metmuseum.org/art/collection/search/436528,True
van gogh drawing,met,436532,Self-Portrait with a Straw Hat (obverse: The Potato Peeler),Vincent van Gogh,artwork2_met_648_vincent-van-gogh_self-portrait-with-a-straw-hat-obverse-the-potato.jpg,artworks/artwork2_met_648_vincent-van-gogh_self-portrait-with-a-straw-hat-obverse-the-potato.jpg,https://www.metmuseum.org/art/collection/search/436532,True
van gogh drawing,met,436530,Oleanders,Vincent van Gogh,artwork2_met_649_vincent-van-gogh_oleanders.jpg,artworks/artwork2_met_649_vincent-van-gogh_oleanders.jpg,https://www.metmuseum.org/art/collection/search/436530,True
van gogh drawing,met,459193,Road in Etten,Vincent van Gogh,artwork2_met_650_vincent-van-gogh_road-in-etten.jpg,artworks/artwork2_met_650_vincent-van-gogh_road-in-etten.jpg,https://www.metmuseum.org/art/collection/search/459193,True
van gogh drawing,met,437998,Olive Trees,Vincent van Gogh,artwork2_met_651_vincent-van-gogh_olive-trees.jpg,artworks/artwork2_met_651_vincent-van-gogh_olive-trees.jpg,https://www.metmuseum.org/art/collection/search/437998,True
van gogh drawing,met,336327,Corridor in the Asylum,Vincent van Gogh,artwork2_met_652_vincent-van-gogh_corridor-in-the-asylum.jpg,artworks/artwork2_met_652_vincent-van-gogh_corridor-in-the-asylum.jpg,https://www.metmuseum.org/art/collection/search/336327,True
van gogh drawing,met,436536,Women Picking Olives,Vincent van Gogh,artwork2_met_653_vincent-van-gogh_women-picking-olives.jpg,artworks/artwork2_met_653_vincent-van-gogh_women-picking-olives.jpg,https://www.metmuseum.org/art/collection/search/436536,True
van gogh drawing,met,436526,"First Steps, after Millet",Vincent van Gogh,artwork2_met_654_vincent-van-gogh_first-steps-after-millet.jpg,artworks/artwork2_met_654_vincent-van-gogh_first-steps-after-millet.jpg,https://www.metmuseum.org/art/collection/search/436526,True
van gogh drawing,met,437980,Cypresses,Vincent van Gogh,artwork2_met_655_vincent-van-gogh_cypresses.jpg,artworks/artwork2_met_655_vincent-van-gogh_cypresses.jpg,https://www.metmuseum.org/art/collection/search/437980,True
van gogh drawing,met,436531,Peasant Woman Cooking by a Fireplace,Vincent van Gogh,artwork2_met_656_vincent-van-gogh_peasant-woman-cooking-by-a-fireplace.jpg,artworks/artwork2_met_656_vincent-van-gogh_peasant-woman-cooking-by-a-fireplace.jpg,https://www.metmuseum.org/art/collection/search/436531,True
van gogh drawing,met,438722,The Potato Peeler (reverse: Self-Portrait with a Straw Hat),Vincent van Gogh,artwork2_met_657_vincent-van-gogh_the-potato-peeler-reverse-self-portrait-with-a-str.jpg,artworks/artwork2_met_657_vincent-van-gogh_the-potato-peeler-reverse-self-portrait-with-a-str.jpg,https://www.metmuseum.org/art/collection/search/438722,True
van gogh drawing,met,436524,Sunflowers,Vincent van Gogh,artwork2_met_658_vincent-van-gogh_sunflowers.jpg,artworks/artwork2_met_658_vincent-van-gogh_sunflowers.jpg,https://www.metmuseum.org/art/collection/search/436524,True
van gogh drawing,met,436534,Roses,Vincent van Gogh,artwork2_met_659_vincent-van-gogh_roses.jpg,artworks/artwork2_met_659_vincent-van-gogh_roses.jpg,https://www.metmuseum.org/art/collection/search/436534,True
van gogh drawing,met,436525,Bouquet of Flowers in a Vase,Vincent van Gogh,artwork2_met_660_vincent-van-gogh_bouquet-of-flowers-in-a-vase.jpg,artworks/artwork2_met_660_vincent-van-gogh_bouquet-of-flowers-in-a-vase.jpg,https://www.metmuseum.org/art/collection/search/436525,True
van gogh drawing,met,437394,Aristotle with a Bust of Homer,Rembrandt (Rembrandt van Rijn),artwork2_met_661_rembrandt-rembrandt-van-rijn_aristotle-with-a-bust-of-homer.jpg,artworks/artwork2_met_661_rembrandt-rembrandt-van-rijn_aristotle-with-a-bust-of-homer.jpg,https://www.metmuseum.org/art/collection/search/437394,True
van gogh drawing,met,893379,Vincent Van Gogh on his Deathbed,Dr. Paul Ferdinand Gachet,artwork2_met_662_dr-paul-ferdinand-gachet_vincent-van-gogh-on-his-deathbed.jpg,artworks/artwork2_met_662_dr-paul-ferdinand-gachet_vincent-van-gogh-on-his-deathbed.jpg,https://www.metmuseum.org/art/collection/search/893379,True
van gogh drawing,met,438011,"Eugène Murer (Hyacinthe-Eugène Meunier, 1841–1906)",Auguste Renoir,artwork2_met_663_auguste-renoir_eugène-murer-hyacinthe-eugène-meunier-18411906.jpg,artworks/artwork2_met_663_auguste-renoir_eugène-murer-hyacinthe-eugène-meunier-18411906.jpg,https://www.metmuseum.org/art/collection/search/438011,True
van gogh drawing,met,335538,Nursery on Schenkweg,Vincent van Gogh,artwork2_met_664_vincent-van-gogh_nursery-on-schenkweg.jpg,artworks/artwork2_met_664_vincent-van-gogh_nursery-on-schenkweg.jpg,https://www.metmuseum.org/art/collection/search/335538,True
van gogh drawing,met,849055,Burning Weeds,Vincent van Gogh,artwork2_met_665_vincent-van-gogh_burning-weeds.jpg,artworks/artwork2_met_665_vincent-van-gogh_burning-weeds.jpg,https://www.metmuseum.org/art/collection/search/849055,True
van gogh drawing,met,849054,Gardener by an Apple Tree,Vincent van Gogh,artwork2_met_666_vincent-van-gogh_gardener-by-an-apple-tree.jpg,artworks/artwork2_met_666_vincent-van-gogh_gardener-by-an-apple-tree.jpg,https://www.metmuseum.org/art/collection/search/849054,True
van gogh drawing,met,336318,Street in Saintes-Maries-de-la-Mer,Vincent van Gogh,artwork2_met_667_vincent-van-gogh_street-in-saintes-maries-de-la-mer.jpg,artworks/artwork2_met_667_vincent-van-gogh_street-in-saintes-maries-de-la-mer.jpg,https://www.metmuseum.org/art/collection/search/336318,True
egyptian relief,met,544453,Head from a Statue of King Amenhotep I,,artwork2_met_668_unknown_head-from-a-statue-of-king-amenhotep-i.jpg,artworks/artwork2_met_668_unknown_head-from-a-statue-of-king-amenhotep-i.jpg,https://www.metmuseum.org/art/collection/search/544453,True
egyptian relief,met,549236,Stela of Ptahmose,,artwork2_met_669_unknown_stela-of-ptahmose.jpg,artworks/artwork2_met_669_unknown_stela-of-ptahmose.jpg,https://www.metmuseum.org/art/collection/search/549236,True
egyptian relief,met,450761,Mold Fragment with Musicians,,artwork2_met_670_unknown_mold-fragment-with-musicians.jpg,artworks/artwork2_met_670_unknown_mold-fragment-with-musicians.jpg,https://www.metmuseum.org/art/collection/search/450761,True
byzantine icon,met,439327,Christ Blessing,Gerard David,artwork2_met_671_gerard-david_christ-blessing.jpg,artworks/artwork2_met_671_gerard-david_christ-blessing.jpg,https://www.metmuseum.org/art/collection/search/439327,True
byzantine icon,met,435864,A Woman with a Dog,Giacomo Ceruti,artwork2_met_672_giacomo-ceruti_a-woman-with-a-dog.jpg,artworks/artwork2_met_672_giacomo-ceruti_a-woman-with-a-dog.jpg,https://www.metmuseum.org/art/collection/search/435864,True
byzantine icon,met,436572,Christ Healing the Blind,El Greco (Domenikos Theotokopoulos),artwork2_met_673_el-greco-domenikos-theotokopoulos_christ-healing-the-blind.jpg,artworks/artwork2_met_673_el-greco-domenikos-theotokopoulos_christ-healing-the-blind.jpg,https://www.metmuseum.org/art/collection/search/436572,True
byzantine icon,met,437792,The Apotheosis of the Spanish Monarchy,Giovanni Battista Tiepolo,artwork2_met_674_giovanni-battista-tiepolo_the-apotheosis-of-the-spanish-monarchy.jpg,artworks/artwork2_met_674_giovanni-battista-tiepolo_the-apotheosis-of-the-spanish-monarchy.jpg,https://www.metmuseum.org/art/collection/search/437792,True
byzantine icon,met,435621,Joan of Arc,Jules Bastien-Lepage,artwork2_met_675_jules-bastien-lepage_joan-of-arc.jpg,artworks/artwork2_met_675_jules-bastien-lepage_joan-of-arc.jpg,https://www.metmuseum.org/art/collection/search/435621,True
french landscape,met,205427,Vase (vase chinois) (one of a pair),Sèvres Manufactory,artwork2_met_676_sèvres-manufactory_vase-vase-chinois-one-of-a-pair.jpg,artworks/artwork2_met_676_sèvres-manufactory_vase-vase-chinois-one-of-a-pair.jpg,https://www.metmuseum.org/art/collection/search/205427,True
french landscape,met,228990,Adam and Eve with Charles I and Henrietta Maria,,artwork2_met_677_unknown_adam-and-eve-with-charles-i-and-henrietta-maria.jpg,artworks/artwork2_met_677_unknown_adam-and-eve-with-charles-i-and-henrietta-maria.jpg,https://www.metmuseum.org/art/collection/search/228990,True
french landscape,met,436413,Christ Bearing the Cross,Northern French Painter,artwork2_met_678_northern-french-painter_christ-bearing-the-cross.jpg,artworks/artwork2_met_678_northern-french-painter_christ-bearing-the-cross.jpg,https://www.metmuseum.org/art/collection/search/436413,True
french landscape,met,464132,Right Leaf of a Diptych,,artwork2_met_679_unknown_right-leaf-of-a-diptych.jpg,artworks/artwork2_met_679_unknown_right-leaf-of-a-diptych.jpg,https://www.metmuseum.org/art/collection/search/464132,True
french landscape,met,464273,Diptych with the Adoration of the Magi and the Vera Icon (True Image),,artwork2_met_680_unknown_diptych-with-the-adoration-of-the-magi-and-the-ver.jpg,artworks/artwork2_met_680_unknown_diptych-with-the-adoration-of-the-magi-and-the-ver.jpg,https://www.metmuseum.org/art/collection/search/464273,True
italian renaissance,met,464118,Crozier Head with Double Enthroned Christ,,artwork2_met_681_unknown_crozier-head-with-double-enthroned-christ.jpg,artworks/artwork2_met_681_unknown_crozier-head-with-double-enthroned-christ.jpg,https://www.metmuseum.org/art/collection/search/464118,True
flemish painting,met,437530,"Portrait of a Man, Possibly an Architect or Geographer",Peter Paul Rubens,artwork2_met_682_peter-paul-rubens_portrait-of-a-man-possibly-an-architect-or-geograp.jpg,artworks/artwork2_met_682_peter-paul-rubens_portrait-of-a-man-possibly-an-architect-or-geograp.jpg,https://www.metmuseum.org/art/collection/search/437530,True
flemish painting,met,437330,Saints Peter and John Healing the Lame Man,Nicolas Poussin,artwork2_met_683_nicolas-poussin_saints-peter-and-john-healing-the-lame-man.jpg,artworks/artwork2_met_683_nicolas-poussin_saints-peter-and-john-healing-the-lame-man.jpg,https://www.metmuseum.org/art/collection/search/437330,True
flemish painting,met,769297,Pope Clement X (1590–1676),Giovanni Battista Gaulli (Il Baciccio),artwork2_met_684_giovanni-battista-gaulli-il-baciccio_pope-clement-x-15901676.jpg,artworks/artwork2_met_684_giovanni-battista-gaulli-il-baciccio_pope-clement-x-15901676.jpg,https://www.metmuseum.org/art/collection/search/769297,True
flemish painting,met,436103,Virgin and Child,Gerard David,artwork2_met_685_gerard-david_virgin-and-child.jpg,artworks/artwork2_met_685_gerard-david_virgin-and-child.jpg,https://www.metmuseum.org/art/collection/search/436103,True
flemish painting,met,437822,Portrait of a Man,Jacopo Tintoretto (Jacopo Robusti),artwork2_met_686_jacopo-tintoretto-jacopo-robusti_portrait-of-a-man.jpg,artworks/artwork2_met_686_jacopo-tintoretto-jacopo-robusti_portrait-of-a-man.jpg,https://www.metmuseum.org/art/collection/search/437822,True
american landscape,met,430812,"The True Issue or ""Thats Whats the Matter""",Currier & Ives,artwork2_met_687_currier-ives_the-true-issue-or-thats-whats-the-matter.jpg,artworks/artwork2_met_687_currier-ives_the-true-issue-or-thats-whats-the-matter.jpg,https://www.metmuseum.org/art/collection/search/430812,True
american landscape,met,850659,"The True Issue or ""Thats Whats the Matter""",Currier & Ives,artwork2_met_688_currier-ives_the-true-issue-or-thats-whats-the-matter.jpg,artworks/artwork2_met_688_currier-ives_the-true-issue-or-thats-whats-the-matter.jpg,https://www.metmuseum.org/art/collection/search/850659,True
american landscape,met,323944,Vessel in form of horned quadruped,,artwork2_met_689_unknown_vessel-in-form-of-horned-quadruped.jpg,artworks/artwork2_met_689_unknown_vessel-in-form-of-horned-quadruped.jpg,https://www.metmuseum.org/art/collection/search/323944,True
american landscape,met,323943,Jug in the form of a recumbent bull,,artwork2_met_690_unknown_jug-in-the-form-of-a-recumbent-bull.jpg,artworks/artwork2_met_690_unknown_jug-in-the-form-of-a-recumbent-bull.jpg,https://www.metmuseum.org/art/collection/search/323943,True
american landscape,met,329077,Head of a ruler,,artwork2_met_691_unknown_head-of-a-ruler.jpg,artworks/artwork2_met_691_unknown_head-of-a-ruler.jpg,https://www.metmuseum.org/art/collection/search/329077,True
american landscape,met,418427,View Near Fishkill (No. 17 of The Hudson River Portfolio),John Hill,artwork2_met_692_john-hill_view-near-fishkill-no-17-of-the-hudson-river-portf.jpg,artworks/artwork2_met_692_john-hill_view-near-fishkill-no-17-of-the-hudson-river-portf.jpg,https://www.metmuseum.org/art/collection/search/418427,True
english painting,met,469887,Martyrdom of Saint Lawrence,,artwork2_met_693_unknown_martyrdom-of-saint-lawrence.jpg,artworks/artwork2_met_693_unknown_martyrdom-of-saint-lawrence.jpg,https://www.metmuseum.org/art/collection/search/469887,True
english painting,met,231980,Side chair (chais à la reine) (one of a pair),Georges Jacob,artwork2_met_694_georges-jacob_side-chair-chais-à-la-reine-one-of-a-pair.jpg,artworks/artwork2_met_694_georges-jacob_side-chair-chais-à-la-reine-one-of-a-pair.jpg,https://www.metmuseum.org/art/collection/search/231980,True
english painting,met,203842,Standing shelf (one of a pair),William Linnell,artwork2_met_695_william-linnell_standing-shelf-one-of-a-pair.jpg,artworks/artwork2_met_695_william-linnell_standing-shelf-one-of-a-pair.jpg,https://www.metmuseum.org/art/collection/search/203842,True
english painting,met,231981,Side chair (chais à la reine) (one of a pair),Georges Jacob,artwork2_met_696_georges-jacob_side-chair-chais-à-la-reine-one-of-a-pair.jpg,artworks/artwork2_met_696_georges-jacob_side-chair-chais-à-la-reine-one-of-a-pair.jpg,https://www.metmuseum.org/art/collection/search/231981,True
spanish painting,met,437791,The Apotheosis of the Spanish Monarchy,Giovanni Battista Tiepolo,artwork2_met_697_giovanni-battista-tiepolo_the-apotheosis-of-the-spanish-monarchy.jpg,artworks/artwork2_met_697_giovanni-battista-tiepolo_the-apotheosis-of-the-spanish-monarchy.jpg,https://www.metmuseum.org/art/collection/search/437791,True
spanish painting,met,436551,"Ferdinand VII (1784–1833), When Prince of Asturias",Goya,artwork2_met_698_goya_ferdinand-vii-17841833-when-prince-of-asturias.jpg,artworks/artwork2_met_698_goya_ferdinand-vii-17841833-when-prince-of-asturias.jpg,https://www.metmuseum.org/art/collection/search/436551,True
spanish painting,met,437082,The Baker's Cart,Jean Michelin,artwork2_met_699_jean-michelin_the-bakers-cart.jpg,artworks/artwork2_met_699_jean-michelin_the-bakers-cart.jpg,https://www.metmuseum.org/art/collection/search/437082,True
spanish painting,met,334030,"A radiant female figure beset by dark spirits; page 45 from the ""Images of Spain"" Album (F)",Goya (Francisco de Goya y Lucientes),artwork2_met_700_goya-francisco-de-goya-y-lucientes_a-radiant-female-figure-beset-by-dark-spirits-page.jpg,artworks/artwork2_met_700_goya-francisco-de-goya-y-lucientes_a-radiant-female-figure-beset-by-dark-spirits-page.jpg,https://www.metmuseum.org/art/collection/search/334030,True
german painting,met,196365,Commode,Jean François Cuvilliés the Elder,artwork2_met_701_jean-françois-cuvilliés-the-elder_commode.jpg,artworks/artwork2_met_701_jean-françois-cuvilliés-the-elder_commode.jpg,https://www.metmuseum.org/art/collection/search/196365,True
german painting,met,206628,Eagle owl,Meissen Manufactory,artwork2_met_702_meissen-manufactory_eagle-owl.jpg,artworks/artwork2_met_702_meissen-manufactory_eagle-owl.jpg,https://www.metmuseum.org/art/collection/search/206628,True
german painting,met,203062,Two Opera Singers,Meissen Manufactory,artwork2_met_703_meissen-manufactory_two-opera-singers.jpg,artworks/artwork2_met_703_meissen-manufactory_two-opera-singers.jpg,https://www.metmuseum.org/art/collection/search/203062,True
german painting,met,383883,Tobias and the Angel (small plate),Hendrick Goudt,artwork2_met_704_hendrick-goudt_tobias-and-the-angel-small-plate.jpg,artworks/artwork2_met_704_hendrick-goudt_tobias-and-the-angel-small-plate.jpg,https://www.metmuseum.org/art/collection/search/383883,True
german painting,met,436045,"Johann I (1468–1532), the Constant, Elector of Saxony",Lucas Cranach the Elder and Workshop,artwork2_met_705_lucas-cranach-the-elder-and-workshop_johann-i-14681532-the-constant-elector-of-saxony.jpg,artworks/artwork2_met_705_lucas-cranach-the-elder-and-workshop_johann-i-14681532-the-constant-elector-of-saxony.jpg,https://www.metmuseum.org/art/collection/search/436045,True
antwerp master,met,436522,A Benedictine Monk,Hugo van der Goes,artwork2_met_706_hugo-van-der-goes_a-benedictine-monk.jpg,artworks/artwork2_met_706_hugo-van-der-goes_a-benedictine-monk.jpg,https://www.metmuseum.org/art/collection/search/436522,True
antwerp master,met,436797,The Holy Family,Joos van Cleve,artwork2_met_707_joos-van-cleve_the-holy-family.jpg,artworks/artwork2_met_707_joos-van-cleve_the-holy-family.jpg,https://www.metmuseum.org/art/collection/search/436797,True
antwerp master,met,228995,"The New Testament, The Book of Common Prayer",Robert Barker,artwork2_met_708_robert-barker_the-new-testament-the-book-of-common-prayer.jpg,artworks/artwork2_met_708_robert-barker_the-new-testament-the-book-of-common-prayer.jpg,https://www.metmuseum.org/art/collection/search/228995,True
antwerp master,met,436523,The Adoration of the Magi,Hugo van der Goes,artwork2_met_709_hugo-van-der-goes_the-adoration-of-the-magi.jpg,artworks/artwork2_met_709_hugo-van-der-goes_the-adoration-of-the-magi.jpg,https://www.metmuseum.org/art/collection/search/436523,True
antwerp master,met,435678,The Temptation of Saint Anthony,Herri met de Bles,artwork2_met_710_herri-met-de-bles_the-temptation-of-saint-anthony.jpg,artworks/artwork2_met_710_herri-met-de-bles_the-temptation-of-saint-anthony.jpg,https://www.metmuseum.org/art/collection/search/435678,True
portrait painting,met,437340,"Charles Maurice de Talleyrand Périgord (1754–1838), Prince de Talleyrand",Pierre Paul Prud'hon,artwork2_met_711_pierre-paul-prudhon_charles-maurice-de-talleyrand-périgord-17541838-pr.jpg,artworks/artwork2_met_711_pierre-paul-prudhon_charles-maurice-de-talleyrand-périgord-17541838-pr.jpg,https://www.metmuseum.org/art/collection/search/437340,True
portrait painting,met,78145,Portrait of Bodhidharma,Hakuin Ekaku,artwork2_met_712_hakuin-ekaku_portrait-of-bodhidharma.jpg,artworks/artwork2_met_712_hakuin-ekaku_portrait-of-bodhidharma.jpg,https://www.metmuseum.org/art/collection/search/78145,True
portrait painting,met,437859,Portrait of a Woman,Giovanni di Francesco del Cervelliera,artwork2_met_713_giovanni-di-francesco-del-cervelliera_portrait-of-a-woman.jpg,artworks/artwork2_met_713_giovanni-di-francesco-del-cervelliera_portrait-of-a-woman.jpg,https://www.metmuseum.org/art/collection/search/437859,True
oil painting,met,764095,"Christ Carrying the Cross, called ""The Lord of the Fall""",Unknown,artwork2_met_714_unknown_christ-carrying-the-cross-called-the-lord-of-the-f.jpg,artworks/artwork2_met_714_unknown_christ-carrying-the-cross-called-the-lord-of-the-f.jpg,https://www.metmuseum.org/art/collection/search/764095,True
watercolor landscape,met,347927,Songs of Innocence: The Divine Image,William Blake,artwork2_met_715_william-blake_songs-of-innocence-the-divine-image.jpg,artworks/artwork2_met_715_william-blake_songs-of-innocence-the-divine-image.jpg,https://www.metmuseum.org/art/collection/search/347927,True
watercolor landscape,met,451287,"""Page of Calligraphy Illuminated with Animals and Plants in a Field of Flowers"", Folio from the Shah Jahan Album",Nanha,artwork2_met_716_nanha_page-of-calligraphy-illuminated-with-animals-and-p.jpg,artworks/artwork2_met_716_nanha_page-of-calligraphy-illuminated-with-animals-and-p.jpg,https://www.metmuseum.org/art/collection/search/451287,True
watercolor landscape,met,453385,Anthology of Persian Poetry in Oblong Format (Safina),Sultan Muhammad Nur,artwork2_met_717_sultan-muhammad-nur_anthology-of-persian-poetry-in-oblong-format-safin.jpg,artworks/artwork2_met_717_sultan-muhammad-nur_anthology-of-persian-poetry-in-oblong-format-safin.jpg,https://www.metmuseum.org/art/collection/search/453385,True
watercolor landscape,met,451726,"""Shaikh San'an beneath the Window of the Christian Maiden"", Folio18r  from a Mantiq al-Tayr (Language of the Birds)",Farid al-Din `Attar,artwork2_met_718_farid-al-din-attar_shaikh-sanan-beneath-the-window-of-the-christian-m.jpg,artworks/artwork2_met_718_farid-al-din-attar_shaikh-sanan-beneath-the-window-of-the-christian-m.jpg,https://www.metmuseum.org/art/collection/search/451726,True
watercolor landscape,met,452651,"""Isfandiyar's Third Course: He Slays a Dragon"", Folio from a Shahnama (Book of Kings)",Abu'l Qasim Firdausi,artwork2_met_719_abul-qasim-firdausi_isfandiyars-third-course-he-slays-a-dragon-folio-f.jpg,artworks/artwork2_met_719_abul-qasim-firdausi_isfandiyars-third-course-he-slays-a-dragon-folio-f.jpg,https://www.metmuseum.org/art/collection/search/452651,True
watercolor landscape,met,453895,Youth and Dervish,,artwork2_met_720_unknown_youth-and-dervish.jpg,artworks/artwork2_met_720_unknown_youth-and-dervish.jpg,https://www.metmuseum.org/art/collection/search/453895,True
watercolor landscape,met,697201,"The West Wind, Lynmouth",Sir Edward John Poynter,artwork2_met_721_sir-edward-john-poynter_the-west-wind-lynmouth.jpg,artworks/artwork2_met_721_sir-edward-john-poynter_the-west-wind-lynmouth.jpg,https://www.metmuseum.org/art/collection/search/697201,True
watercolor landscape,met,451289,"""Unwan"", Folio from the Shah Jahan Album",Mir 'Ali Haravi,artwork2_met_722_mir-ali-haravi_unwan-folio-from-the-shah-jahan-album.jpg,artworks/artwork2_met_722_mir-ali-haravi_unwan-folio-from-the-shah-jahan-album.jpg,https://www.metmuseum.org/art/collection/search/451289,True
watercolor landscape,met,775454,Valentine with lace paper and faux pearls,Esther Howland,artwork2_met_723_esther-howland_valentine-with-lace-paper-and-faux-pearls.jpg,artworks/artwork2_met_723_esther-howland_valentine-with-lace-paper-and-faux-pearls.jpg,https://www.metmuseum.org/art/collection/search/775454,True
marble sculpture,met,206989,Commode à vantaux,David Roentgen,artwork2_met_724_david-roentgen_commode-à-vantaux.jpg,artworks/artwork2_met_724_david-roentgen_commode-à-vantaux.jpg,https://www.metmuseum.org/art/collection/search/206989,True
marble sculpture,met,838076,Virgin and Child Enthroned,Bohemian Painter,artwork2_met_725_bohemian-painter_virgin-and-child-enthroned.jpg,artworks/artwork2_met_725_bohemian-painter_virgin-and-child-enthroned.jpg,https://www.metmuseum.org/art/collection/search/838076,True
marble sculpture,met,448959,Head from a Figure with a Beaded Headdress,,artwork2_met_726_unknown_head-from-a-figure-with-a-beaded-headdress.jpg,artworks/artwork2_met_726_unknown_head-from-a-figure-with-a-beaded-headdress.jpg,https://www.metmuseum.org/art/collection/search/448959,True
marble sculpture,met,340575,Design Fragment for the Left Side of the 'Fonte Gaia' in Siena,Jacopo della Quercia (Jacopo di Pietro d’Angelo di Guarnieri),artwork2_met_727_jacopo-della-quercia-jacopo-di-pietro-da_design-fragment-for-the-left-side-of-the-fonte-gai.jpg,artworks/artwork2_met_727_jacopo-della-quercia-jacopo-di-pietro-da_design-fragment-for-the-left-side-of-the-fonte-gai.jpg,https://www.metmuseum.org/art/collection/search/340575,True
marble sculpture,met,435645,Madonna and Child,Jacopo Bellini,artwork2_met_728_jacopo-bellini_madonna-and-child.jpg,artworks/artwork2_met_728_jacopo-bellini_madonna-and-child.jpg,https://www.metmuseum.org/art/collection/search/435645,True
bronze sculpture,met,208898,Two wall sconces (Bras de cheminée),Jean-Claude Duplessis,artwork2_met_729_jean-claude-duplessis_two-wall-sconces-bras-de-cheminée.jpg,artworks/artwork2_met_729_jean-claude-duplessis_two-wall-sconces-bras-de-cheminée.jpg,https://www.metmuseum.org/art/collection/search/208898,True
bronze sculpture,met,248466,Bronze statuette of a philosopher on a lamp stand,,artwork2_met_730_unknown_bronze-statuette-of-a-philosopher-on-a-lamp-stand.jpg,artworks/artwork2_met_730_unknown_bronze-statuette-of-a-philosopher-on-a-lamp-stand.jpg,https://www.metmuseum.org/art/collection/search/248466,True
bronze sculpture,met,196497,"Horse Trotting, the Feet Not Touching the Ground",Edgar Degas,artwork2_met_731_edgar-degas_horse-trotting-the-feet-not-touching-the-ground.jpg,artworks/artwork2_met_731_edgar-degas_horse-trotting-the-feet-not-touching-the-ground.jpg,https://www.metmuseum.org/art/collection/search/196497,True
bronze sculpture,met,547902,Priest in a leopard skin cloak with an inscription and Osiris on his skirt,,artwork2_met_732_unknown_priest-in-a-leopard-skin-cloak-with-an-inscription.jpg,artworks/artwork2_met_732_unknown_priest-in-a-leopard-skin-cloak-with-an-inscription.jpg,https://www.metmuseum.org/art/collection/search/547902,True
bronze sculpture,met,40706,One of a Pair of Vases with Dragon Handles,,artwork2_met_733_unknown_one-of-a-pair-of-vases-with-dragon-handles.jpg,artworks/artwork2_met_733_unknown_one-of-a-pair-of-vases-with-dragon-handles.jpg,https://www.metmuseum.org/art/collection/search/40706,True
bronze sculpture,met,702924,Alphonse de Gisors (1796–1866),Pierre Jean David d'Angers,artwork2_met_734_pierre-jean-david-dangers_alphonse-de-gisors-17961866.jpg,artworks/artwork2_met_734_pierre-jean-david-dangers_alphonse-de-gisors-17961866.jpg,https://www.metmuseum.org/art/collection/search/702924,True
bronze sculpture,met,53167,Flying Apsaras (Hiten),,artwork2_met_735_unknown_flying-apsaras-hiten.jpg,artworks/artwork2_met_735_unknown_flying-apsaras-hiten.jpg,https://www.metmuseum.org/art/collection/search/53167,True
bronze sculpture,met,328593,Monstrous male figure,,artwork2_met_736_unknown_monstrous-male-figure.jpg,artworks/artwork2_met_736_unknown_monstrous-male-figure.jpg,https://www.metmuseum.org/art/collection/search/328593,True
terracotta relief,met,461152,Model for a portrait medal of Francesco Redi,Massimiliano Soldani,artwork2_met_737_massimiliano-soldani_model-for-a-portrait-medal-of-francesco-redi.jpg,artworks/artwork2_met_737_massimiliano-soldani_model-for-a-portrait-medal-of-francesco-redi.jpg,https://www.metmuseum.org/art/collection/search/461152,True
tapestry medieval,met,238683,Panel for a skirt or petticoat,,artwork2_met_738_unknown_panel-for-a-skirt-or-petticoat.jpg,artworks/artwork2_met_738_unknown_panel-for-a-skirt-or-petticoat.jpg,https://www.metmuseum.org/art/collection/search/238683,True
illumination manuscript,met,468350,Case (étui) with an amorous inscription,,artwork2_met_739_unknown_case-étui-with-an-amorous-inscription.jpg,artworks/artwork2_met_739_unknown_case-étui-with-an-amorous-inscription.jpg,https://www.metmuseum.org/art/collection/search/468350,True
illumination manuscript,met,452652,"""Isfandiyar's Fourth Course: He Slays a Sorceress"", Folio from a Shahnama (Book of Kings) of Firdausi",Abu'l Qasim Firdausi,artwork2_met_740_abul-qasim-firdausi_isfandiyars-fourth-course-he-slays-a-sorceress-fol.jpg,artworks/artwork2_met_740_abul-qasim-firdausi_isfandiyars-fourth-course-he-slays-a-sorceress-fol.jpg,https://www.metmuseum.org/art/collection/search/452652,True
illumination manuscript,met,452121,"""Sam Seals His Pact with Sindukht"", Folio 85v from the Shahnama (Book of Kings) of Shah Tahmasp",Abu'l Qasim Firdausi,artwork2_met_741_abul-qasim-firdausi_sam-seals-his-pact-with-sindukht-folio-85v-from-th.jpg,artworks/artwork2_met_741_abul-qasim-firdausi_sam-seals-his-pact-with-sindukht-folio-85v-from-th.jpg,https://www.metmuseum.org/art/collection/search/452121,True
woodcut print,met,337950,The Sudarium,Hans Schlaffer of Ulm,artwork2_met_742_hans-schlaffer-of-ulm_the-sudarium.jpg,artworks/artwork2_met_742_hans-schlaffer-of-ulm_the-sudarium.jpg,https://www.metmuseum.org/art/collection/search/337950,True
woodcut print,met,336214,"The Whore of Babylon, from ""The Apocalypse""",Albrecht Dürer,artwork2_met_743_albrecht-dürer_the-whore-of-babylon-from-the-apocalypse.jpg,artworks/artwork2_met_743_albrecht-dürer_the-whore-of-babylon-from-the-apocalypse.jpg,https://www.metmuseum.org/art/collection/search/336214,True
etching portrait,met,811771,A Seaman's Wife's Reckoning,Thomas Rowlandson,artwork2_met_744_thomas-rowlandson_a-seamans-wifes-reckoning.jpg,artworks/artwork2_met_744_thomas-rowlandson_a-seamans-wifes-reckoning.jpg,https://www.metmuseum.org/art/collection/search/811771,True
etching portrait,met,811772,A Seaman's Wife's Reckoning,Thomas Rowlandson,artwork2_met_745_thomas-rowlandson_a-seamans-wifes-reckoning.jpg,artworks/artwork2_met_745_thomas-rowlandson_a-seamans-wifes-reckoning.jpg,https://www.metmuseum.org/art/collection/search/811772,True
lithograph art,met,767110,Valentine,Anonymous,artwork2_met_746_anonymous_valentine.jpg,artworks/artwork2_met_746_anonymous_valentine.jpg,https://www.metmuseum.org/art/collection/search/767110,True
lithograph art,met,759529,"Plate 30: Robert Macaire before his judges, from 'Caricaturana,' published in Les Robert Macaires",Honoré Daumier,artwork2_met_747_honoré-daumier_plate-30-robert-macaire-before-his-judges-from-car.jpg,artworks/artwork2_met_747_honoré-daumier_plate-30-robert-macaire-before-his-judges-from-car.jpg,https://www.metmuseum.org/art/collection/search/759529,True
lithograph art,met,435683,Island of the Dead,Arnold Böcklin,artwork2_met_748_arnold-böcklin_island-of-the-dead.jpg,artworks/artwork2_met_748_arnold-böcklin_island-of-the-dead.jpg,https://www.metmuseum.org/art/collection/search/435683,True
genre painting,met,53222,Musk Cat,Uto Gyoshi,artwork2_met_749_uto-gyoshi_musk-cat.jpg,artworks/artwork2_met_749_uto-gyoshi_musk-cat.jpg,https://www.metmuseum.org/art/collection/search/53222,True
genre painting,met,283133,Spartan Soldier,Charles Nègre,artwork2_met_750_charles-nègre_spartan-soldier.jpg,artworks/artwork2_met_750_charles-nègre_spartan-soldier.jpg,https://www.metmuseum.org/art/collection/search/283133,True
genre painting,met,828497,An Old Man with a Dog,Giacomo Ceruti,artwork2_met_751_giacomo-ceruti_an-old-man-with-a-dog.jpg,artworks/artwork2_met_751_giacomo-ceruti_an-old-man-with-a-dog.jpg,https://www.metmuseum.org/art/collection/search/828497,True
genre painting,met,40285,Poems on painting plum blossoms and bamboo,Zhao Mengjian,artwork2_met_752_zhao-mengjian_poems-on-painting-plum-blossoms-and-bamboo.jpg,artworks/artwork2_met_752_zhao-mengjian_poems-on-painting-plum-blossoms-and-bamboo.jpg,https://www.metmuseum.org/art/collection/search/40285,True
mythological painting,met,37904,Krishna Steals the Gopis’ Clothing: Page from a Dispersed Bhagavata Purana Manuscript,,artwork2_met_753_unknown_krishna-steals-the-gopis-clothing-page-from-a-disp.jpg,artworks/artwork2_met_753_unknown_krishna-steals-the-gopis-clothing-page-from-a-disp.jpg,https://www.metmuseum.org/art/collection/search/37904,True
mythological painting,met,337896,Jupiter Fighting the Giants,Jacopo Zucchi,artwork2_met_754_jacopo-zucchi_jupiter-fighting-the-giants.jpg,artworks/artwork2_met_754_jacopo-zucchi_jupiter-fighting-the-giants.jpg,https://www.metmuseum.org/art/collection/search/337896,True
historical painting,met,39569,Eighteen Songs of a Nomad Flute: The Story of Lady Wenji,Unidentified artist,artwork2_met_755_unidentified-artist_eighteen-songs-of-a-nomad-flute-the-story-of-lady.jpg,artworks/artwork2_met_755_unidentified-artist_eighteen-songs-of-a-nomad-flute-the-story-of-lady.jpg,https://www.metmuseum.org/art/collection/search/39569,True
marine painting,met,39482,Mandala of Wakamiya of Kasuga Shrine (Kasuga wakamiya mandara),,artwork2_met_756_unknown_mandala-of-wakamiya-of-kasuga-shrine-kasuga-wakami.jpg,artworks/artwork2_met_756_unknown_mandala-of-wakamiya-of-kasuga-shrine-kasuga-wakami.jpg,https://www.metmuseum.org/art/collection/search/39482,True
still life painting,met,10997,Still Life—Violin and Music,William Michael Harnett,artwork2_met_757_william-michael-harnett_still-lifeviolin-and-music.jpg,artworks/artwork2_met_757_william-michael-harnett_still-lifeviolin-and-music.jpg,https://www.metmuseum.org/art/collection/search/10997,True
still life painting,met,435904,Still Life with a Skull and a Writing Quill,Pieter Claesz,artwork2_met_758_pieter-claesz_still-life-with-a-skull-and-a-writing-quill.jpg,artworks/artwork2_met_758_pieter-claesz_still-life-with-a-skull-and-a-writing-quill.jpg,https://www.metmuseum.org/art/collection/search/435904,True
still life painting,met,898372,Still Life,Fidelia Bridges,artwork2_met_759_fidelia-bridges_still-life.jpg,artworks/artwork2_met_759_fidelia-bridges_still-life.jpg,https://www.metmuseum.org/art/collection/search/898372,True
still life painting,met,437317,Still Life with Apples and Pitcher,Camille Pissarro,artwork2_met_760_camille-pissarro_still-life-with-apples-and-pitcher.jpg,artworks/artwork2_met_760_camille-pissarro_still-life-with-apples-and-pitcher.jpg,https://www.metmuseum.org/art/collection/search/437317,True
still life painting,met,437999,Still Life with Teapot and Fruit,Paul Gauguin,artwork2_met_761_paul-gauguin_still-life-with-teapot-and-fruit.jpg,artworks/artwork2_met_761_paul-gauguin_still-life-with-teapot-and-fruit.jpg,https://www.metmuseum.org/art/collection/search/437999,True
still life painting,met,435882,Still Life with Apples and a Pot of Primroses,Paul Cézanne,artwork2_met_762_paul-cézanne_still-life-with-apples-and-a-pot-of-primroses.jpg,artworks/artwork2_met_762_paul-cézanne_still-life-with-apples-and-a-pot-of-primroses.jpg,https://www.metmuseum.org/art/collection/search/435882,True
still life painting,met,435883,Still Life with Apples and Pears,Paul Cézanne,artwork2_met_763_paul-cézanne_still-life-with-apples-and-pears.jpg,artworks/artwork2_met_763_paul-cézanne_still-life-with-apples-and-pears.jpg,https://www.metmuseum.org/art/collection/search/435883,True
still life painting,met,436976,"Still Life with Poppy, Insects, and Reptiles",Otto Marseus van Schrieck,artwork2_met_764_otto-marseus-van-schrieck_still-life-with-poppy-insects-and-reptiles.jpg,artworks/artwork2_met_764_otto-marseus-van-schrieck_still-life-with-poppy-insects-and-reptiles.jpg,https://www.metmuseum.org/art/collection/search/436976,True
still life painting,met,436305,Still Life,Georg Flegel,artwork2_met_765_georg-flegel_still-life.jpg,artworks/artwork2_met_765_georg-flegel_still-life.jpg,https://www.metmuseum.org/art/collection/search/436305,True
still life painting,met,11734,Still Life: Balsam Apple and Vegetables,James Peale,artwork2_met_766_james-peale_still-life-balsam-apple-and-vegetables.jpg,artworks/artwork2_met_766_james-peale_still-life-balsam-apple-and-vegetables.jpg,https://www.metmuseum.org/art/collection/search/11734,True
still life painting,met,435881,Still Life with a Ginger Jar and Eggplants,Paul Cézanne,artwork2_met_767_paul-cézanne_still-life-with-a-ginger-jar-and-eggplants.jpg,artworks/artwork2_met_767_paul-cézanne_still-life-with-a-ginger-jar-and-eggplants.jpg,https://www.metmuseum.org/art/collection/search/435881,True
still life painting,met,207551,Floral still life,Dirck van Rijswijck,artwork2_met_768_dirck-van-rijswijck_floral-still-life.jpg,artworks/artwork2_met_768_dirck-van-rijswijck_floral-still-life.jpg,https://www.metmuseum.org/art/collection/search/207551,True
still life painting,met,438376,"Still Life with Oysters, a Silver Tazza, and Glassware",Willem Claesz Heda,artwork2_met_769_willem-claesz-heda_still-life-with-oysters-a-silver-tazza-and-glasswa.jpg,artworks/artwork2_met_769_willem-claesz-heda_still-life-with-oysters-a-silver-tazza-and-glasswa.jpg,https://www.metmuseum.org/art/collection/search/438376,True
still life painting,met,436485,Vanitas Still Life,Jacques de Gheyn II,artwork2_met_770_jacques-de-gheyn-ii_vanitas-still-life.jpg,artworks/artwork2_met_770_jacques-de-gheyn-ii_vanitas-still-life.jpg,https://www.metmuseum.org/art/collection/search/436485,True
still life painting,met,436293,Still Life with Flowers and Fruit,Henri Fantin-Latour,artwork2_met_771_henri-fantin-latour_still-life-with-flowers-and-fruit.jpg,artworks/artwork2_met_771_henri-fantin-latour_still-life-with-flowers-and-fruit.jpg,https://www.metmuseum.org/art/collection/search/436293,True
still life painting,met,437513,Still Life with Ham,Philippe Rousseau,artwork2_met_772_philippe-rousseau_still-life-with-ham.jpg,artworks/artwork2_met_772_philippe-rousseau_still-life-with-ham.jpg,https://www.metmuseum.org/art/collection/search/437513,True
still life painting,met,11737,Still Life with Cake,Raphaelle Peale,artwork2_met_773_raphaelle-peale_still-life-with-cake.jpg,artworks/artwork2_met_773_raphaelle-peale_still-life-with-cake.jpg,https://www.metmuseum.org/art/collection/search/11737,True
still life painting,met,437429,Still Life with Peaches,Auguste Renoir,artwork2_met_774_auguste-renoir_still-life-with-peaches.jpg,artworks/artwork2_met_774_auguste-renoir_still-life-with-peaches.jpg,https://www.metmuseum.org/art/collection/search/437429,True
still life painting,met,436186,Still Life with Silver,Alexandre François Desportes,artwork2_met_775_alexandre-françois-desportes_still-life-with-silver.jpg,artworks/artwork2_met_775_alexandre-françois-desportes_still-life-with-silver.jpg,https://www.metmuseum.org/art/collection/search/436186,True
still life painting,met,193773,Snuffbox with still life,,artwork2_met_776_unknown_snuffbox-with-still-life.jpg,artworks/artwork2_met_776_unknown_snuffbox-with-still-life.jpg,https://www.metmuseum.org/art/collection/search/193773,True
still life painting,met,435884,"Still Life with Jar, Cup, and Apples",Paul Cézanne,artwork2_met_777_paul-cézanne_still-life-with-jar-cup-and-apples.jpg,artworks/artwork2_met_777_paul-cézanne_still-life-with-jar-cup-and-apples.jpg,https://www.metmuseum.org/art/collection/search/435884,True
still life painting,met,441104,Still Life with Flowers and Prickly Pears,Auguste Renoir,artwork2_met_778_auguste-renoir_still-life-with-flowers-and-prickly-pears.jpg,artworks/artwork2_met_778_auguste-renoir_still-life-with-flowers-and-prickly-pears.jpg,https://www.metmuseum.org/art/collection/search/441104,True
still life painting,met,437428,Still Life with Peaches and Grapes,Auguste Renoir,artwork2_met_779_auguste-renoir_still-life-with-peaches-and-grapes.jpg,artworks/artwork2_met_779_auguste-renoir_still-life-with-peaches-and-grapes.jpg,https://www.metmuseum.org/art/collection/search/437428,True
still life painting,met,816519,Still Life of Grapes and Peaches,Panfilo Nuvolone,artwork2_met_780_panfilo-nuvolone_still-life-of-grapes-and-peaches.jpg,artworks/artwork2_met_780_panfilo-nuvolone_still-life-of-grapes-and-peaches.jpg,https://www.metmuseum.org/art/collection/search/816519,True
still life painting,met,382608,"Still Life with Flowers, a Snail and Insects",Joris Hoefnagel,artwork2_met_781_joris-hoefnagel_still-life-with-flowers-a-snail-and-insects.jpg,artworks/artwork2_met_781_joris-hoefnagel_still-life-with-flowers-a-snail-and-insects.jpg,https://www.metmuseum.org/art/collection/search/382608,True
still life painting,met,816523,Fruit and Flowers,Orsola Maddalena Caccia,artwork2_met_782_orsola-maddalena-caccia_fruit-and-flowers.jpg,artworks/artwork2_met_782_orsola-maddalena-caccia_fruit-and-flowers.jpg,https://www.metmuseum.org/art/collection/search/816523,True
still life painting,met,816522,Flowers in a Grotesque Vase,Orsola Maddalena Caccia,artwork2_met_783_orsola-maddalena-caccia_flowers-in-a-grotesque-vase.jpg,artworks/artwork2_met_783_orsola-maddalena-caccia_flowers-in-a-grotesque-vase.jpg,https://www.metmuseum.org/art/collection/search/816522,True
still life painting,met,13349,Still Life: Peaches and Grapes,John  A. Woodside,artwork2_met_784_john-a-woodside_still-life-peaches-and-grapes.jpg,artworks/artwork2_met_784_john-a-woodside_still-life-peaches-and-grapes.jpg,https://www.metmuseum.org/art/collection/search/13349,True
still life painting,met,816624,Basket of Fruit,Bartolomeo Cavarozzi,artwork2_met_785_bartolomeo-cavarozzi_basket-of-fruit.jpg,artworks/artwork2_met_785_bartolomeo-cavarozzi_basket-of-fruit.jpg,https://www.metmuseum.org/art/collection/search/816624,True
still life painting,met,646996,Still life with bronze vessels and flowering plants,Jang Seung-eop (pen name: Owon),artwork2_met_786_jang-seung-eop-pen-name-owon_still-life-with-bronze-vessels-and-flowering-plant.jpg,artworks/artwork2_met_786_jang-seung-eop-pen-name-owon_still-life-with-bronze-vessels-and-flowering-plant.jpg,https://www.metmuseum.org/art/collection/search/646996,True
flower painting,met,189425,The Louis XV Room,Jean-François Roumier,artwork2_met_787_jean-françois-roumier_the-louis-xv-room.jpg,artworks/artwork2_met_787_jean-françois-roumier_the-louis-xv-room.jpg,https://www.metmuseum.org/art/collection/search/189425,True
animal painting,met,453250,Study of a Bird,Riza-yi 'Abbasi,artwork2_met_788_riza-yi-abbasi_study-of-a-bird.jpg,artworks/artwork2_met_788_riza-yi-abbasi_study-of-a-bird.jpg,https://www.metmuseum.org/art/collection/search/453250,True
animal painting,met,39742,"The Deity Vajrabhairava, Tantric Form of the Bodhisattva Manjushri",,artwork2_met_789_unknown_the-deity-vajrabhairava-tantric-form-of-the-bodhis.jpg,artworks/artwork2_met_789_unknown_the-deity-vajrabhairava-tantric-form-of-the-bodhis.jpg,https://www.metmuseum.org/art/collection/search/39742,True
architectural view,met,309411,Headdress ornament,Calima (Yotoco) artist,artwork2_met_790_calima-yotoco-artist_headdress-ornament.jpg,artworks/artwork2_met_790_calima-yotoco-artist_headdress-ornament.jpg,https://www.metmuseum.org/art/collection/search/309411,True
cityscape painting,met,459001,Madonna Adoring the Child,Botticelli (Alessandro di Mariano Filipepi),artwork2_met_791_botticelli-alessandro-di-mariano-filipep_madonna-adoring-the-child.jpg,artworks/artwork2_met_791_botticelli-alessandro-di-mariano-filipep_madonna-adoring-the-child.jpg,https://www.metmuseum.org/art/collection/search/459001,True
sunset painting,met,671043,“Paintings by Taigadō with Colophons”,Ike no Taiga,artwork2_met_792_ike-no-taiga_paintings-by-taigadō-with-colophons.jpg,artworks/artwork2_met_792_ike-no-taiga_paintings-by-taigadō-with-colophons.jpg,https://www.metmuseum.org/art/collection/search/671043,True
sunset painting,met,53455,Pine Tree and Calligraphy,Ike no Taiga,artwork2_met_793_ike-no-taiga_pine-tree-and-calligraphy.jpg,artworks/artwork2_met_793_ike-no-taiga_pine-tree-and-calligraphy.jpg,https://www.metmuseum.org/art/collection/search/53455,True
sunset painting,met,670542,Evening Glow in a Mountain Village and Calligraphy,Ike no Taiga,artwork2_met_794_ike-no-taiga_evening-glow-in-a-mountain-village-and-calligraphy.jpg,artworks/artwork2_met_794_ike-no-taiga_evening-glow-in-a-mountain-village-and-calligraphy.jpg,https://www.metmuseum.org/art/collection/search/670542,True
sunset painting,met,670541,Fishing Boat on Reed Covered Bank and Calligraphy,Ike no Taiga,artwork2_met_795_ike-no-taiga_fishing-boat-on-reed-covered-bank-and-calligraphy.jpg,artworks/artwork2_met_795_ike-no-taiga_fishing-boat-on-reed-covered-bank-and-calligraphy.jpg,https://www.metmuseum.org/art/collection/search/670541,True
sunset painting,met,670540,Mountain and Calligraphy,Ike no Taiga,artwork2_met_796_ike-no-taiga_mountain-and-calligraphy.jpg,artworks/artwork2_met_796_ike-no-taiga_mountain-and-calligraphy.jpg,https://www.metmuseum.org/art/collection/search/670540,True
sunset painting,met,73159,Portrait of Li Xiangjun,Cui He,artwork2_met_797_cui-he_portrait-of-li-xiangjun.jpg,artworks/artwork2_met_797_cui-he_portrait-of-li-xiangjun.jpg,https://www.metmuseum.org/art/collection/search/73159,True
moonlight painting,met,40516,Reading a sutra by moonlight,Unidentified artist,artwork2_met_798_unidentified-artist_reading-a-sutra-by-moonlight.jpg,artworks/artwork2_met_798_unidentified-artist_reading-a-sutra-by-moonlight.jpg,https://www.metmuseum.org/art/collection/search/40516,True
moonlight painting,met,49187,Wangchuan Villa,Wang Yuanqi,artwork2_met_799_wang-yuanqi_wangchuan-villa.jpg,artworks/artwork2_met_799_wang-yuanqi_wangchuan-villa.jpg,https://www.metmuseum.org/art/collection/search/49187,True
storm painting,met,437547,Grainfields,Jacob van Ruisdael,artwork2_met_800_jacob-van-ruisdael_grainfields.jpg,artworks/artwork2_met_800_jacob-van-ruisdael_grainfields.jpg,https://www.metmuseum.org/art/collection/search/437547,True
storm painting,met,845128,Chinese poem on seeking a reclusive life in the mountains,Yelan Xinggui,artwork2_met_801_yelan-xinggui_chinese-poem-on-seeking-a-reclusive-life-in-the-mo.jpg,artworks/artwork2_met_801_yelan-xinggui_chinese-poem-on-seeking-a-reclusive-life-in-the-mo.jpg,https://www.metmuseum.org/art/collection/search/845128,True
river landscape,met,321287,Kapeu (ear ornament),Māori artist,artwork2_met_802_māori-artist_kapeu-ear-ornament.jpg,artworks/artwork2_met_802_māori-artist_kapeu-ear-ornament.jpg,https://www.metmuseum.org/art/collection/search/321287,True
river landscape,met,40007,Cloudy Mountains,Mi Youren,artwork2_met_803_mi-youren_cloudy-mountains.jpg,artworks/artwork2_met_803_mi-youren_cloudy-mountains.jpg,https://www.metmuseum.org/art/collection/search/40007,True
mountain landscape,met,53458,Lingering Rain over Half the Village,Urakami (Uragami) Gyokudō,artwork2_met_804_urakami-uragami-gyokudō_lingering-rain-over-half-the-village.jpg,artworks/artwork2_met_804_urakami-uragami-gyokudō_lingering-rain-over-half-the-village.jpg,https://www.metmuseum.org/art/collection/search/53458,True
mountain landscape,met,370754,Wooded Landscape with Stag Hunt,Tobias Verhaecht,artwork2_met_805_tobias-verhaecht_wooded-landscape-with-stag-hunt.jpg,artworks/artwork2_met_805_tobias-verhaecht_wooded-landscape-with-stag-hunt.jpg,https://www.metmuseum.org/art/collection/search/370754,True
